roulette_size,generator,number,repeats,correlation,counts
2,nativeRandom,,4997232,-0.0006,
2,nativeRandom,1,,,5002026
2,nativeRandom,2,,,4997974
2,lcg,,5010514,0.0015,
2,lcg,1,,,5122306
2,lcg,2,,,4877694
2,xorshift,,5001451,0.0003,
2,xorshift,1,,,4999518
2,xorshift,2,,,5000482
2,mulberry32,,5000063,0.0000,
2,mulberry32,1,,,5002086
2,mulberry32,2,,,4997914
3,nativeRandom,,3334377,0.0004,
3,nativeRandom,1,,,3333715
3,nativeRandom,2,,,3330765
3,nativeRandom,3,,,3335520
3,lcg,,3291614,-0.0105,
3,lcg,1,,,3401475
3,lcg,2,,,3307853
3,lcg,3,,,3290672
3,xorshift,,3334067,0.0003,
3,xorshift,1,,,3335049
3,xorshift,2,,,3332628
3,xorshift,3,,,3332323
3,mulberry32,,3330174,-0.0006,
3,mulberry32,1,,,3332773
3,mulberry32,2,,,3334691
3,mulberry32,3,,,3332536
4,nativeRandom,,2500877,0.0004,
4,nativeRandom,1,,,2499643
4,nativeRandom,2,,,2499780
4,nativeRandom,3,,,2500041
4,nativeRandom,4,,,2500536
4,lcg,,2499516,-0.0036,
4,lcg,1,,,2581695
4,lcg,2,,,2540624
4,lcg,3,,,2402999
4,lcg,4,,,2474682
4,xorshift,,2498711,-0.0001,
4,xorshift,1,,,2500910
4,xorshift,2,,,2499039
4,xorshift,3,,,2500042
4,xorshift,4,,,2500009
4,mulberry32,,2499324,-0.0000,
4,mulberry32,1,,,2500681
4,mulberry32,2,,,2500681
4,mulberry32,3,,,2499088
4,mulberry32,4,,,2499550
5,nativeRandom,,1998527,-0.0007,
5,nativeRandom,1,,,1999827
5,nativeRandom,2,,,1999970
5,nativeRandom,3,,,2000123
5,nativeRandom,4,,,2002503
5,nativeRandom,5,,,1997577
5,lcg,,2003617,-0.0094,
5,lcg,1,,,2038976
5,lcg,2,,,2038978
5,lcg,3,,,2017969
5,lcg,4,,,1911898
5,lcg,5,,,1992179
5,xorshift,,1999917,-0.0001,
5,xorshift,1,,,2000131
5,xorshift,2,,,1999442
5,xorshift,3,,,1999309
5,xorshift,4,,,2000415
5,xorshift,5,,,2000703
5,mulberry32,,2000132,0.0003,
5,mulberry32,1,,,2000041
5,mulberry32,2,,,2001430
5,mulberry32,3,,,1999092
5,mulberry32,4,,,2000340
5,mulberry32,5,,,1999097
6,nativeRandom,,1665467,-0.0001,
6,nativeRandom,1,,,1667595
6,nativeRandom,2,,,1665117
6,nativeRandom,3,,,1665696
6,nativeRandom,4,,,1669193
6,nativeRandom,5,,,1666367
6,nativeRandom,6,,,1666032
6,lcg,,1638623,-0.0129,
6,lcg,1,,,1716043
6,lcg,2,,,1685470
6,lcg,3,,,1720807
6,lcg,4,,,1587035
6,lcg,5,,,1639604
6,lcg,6,,,1651041
6,xorshift,,1665589,0.0003,
6,xorshift,1,,,1669488
6,xorshift,2,,,1665542
6,xorshift,3,,,1663932
6,xorshift,4,,,1668561
6,xorshift,5,,,1665628
6,xorshift,6,,,1666849
6,mulberry32,,1666462,0.0003,
6,mulberry32,1,,,1667337
6,mulberry32,2,,,1666376
6,mulberry32,3,,,1666683
6,mulberry32,4,,,1666486
6,mulberry32,5,,,1666891
6,mulberry32,6,,,1666227
7,nativeRandom,,1428166,0.0005,
7,nativeRandom,1,,,1428709
7,nativeRandom,2,,,1426820
7,nativeRandom,3,,,1427544
7,nativeRandom,4,,,1429275
7,nativeRandom,5,,,1428789
7,nativeRandom,6,,,1428558
7,nativeRandom,7,,,1430305
7,lcg,,1419839,-0.0118,
7,lcg,1,,,1459957
7,lcg,2,,,1460910
7,lcg,3,,,1432263
7,lcg,4,,,1436093
7,lcg,5,,,1388307
7,lcg,6,,,1410263
7,lcg,7,,,1412207
7,xorshift,,1427398,0.0002,
7,xorshift,1,,,1427543
7,xorshift,2,,,1427866
7,xorshift,3,,,1428205
7,xorshift,4,,,1429348
7,xorshift,5,,,1428802
7,xorshift,6,,,1428822
7,xorshift,7,,,1429414
7,mulberry32,,1429339,-0.0002,
7,mulberry32,1,,,1430554
7,mulberry32,2,,,1427588
7,mulberry32,3,,,1428872
7,mulberry32,4,,,1429172
7,mulberry32,5,,,1425769
7,mulberry32,6,,,1428987
7,mulberry32,7,,,1429058
8,nativeRandom,,1248273,0.0001,
8,nativeRandom,1,,,1250160
8,nativeRandom,2,,,1249552
8,nativeRandom,3,,,1250791
8,nativeRandom,4,,,1247634
8,nativeRandom,5,,,1248594
8,nativeRandom,6,,,1250244
8,nativeRandom,7,,,1251400
8,nativeRandom,8,,,1251625
8,lcg,,1240192,-0.0109,
8,lcg,1,,,1274624
8,lcg,2,,,1307102
8,lcg,3,,,1235445
8,lcg,4,,,1305169
8,lcg,5,,,1182849
8,lcg,6,,,1220136
8,lcg,7,,,1244979
8,lcg,8,,,1229696
8,xorshift,,1250886,0.0005,
8,xorshift,1,,,1249914
8,xorshift,2,,,1250475
8,xorshift,3,,,1250285
8,xorshift,4,,,1248407
8,xorshift,5,,,1250840
8,xorshift,6,,,1250566
8,xorshift,7,,,1248974
8,xorshift,8,,,1250539
8,mulberry32,,1248704,-0.0006,
8,mulberry32,1,,,1249380
8,mulberry32,2,,,1250360
8,mulberry32,3,,,1249632
8,mulberry32,4,,,1250317
8,mulberry32,5,,,1249171
8,mulberry32,6,,,1249617
8,mulberry32,7,,,1252040
8,mulberry32,8,,,1249483
9,nativeRandom,,1109965,0.0001,
9,nativeRandom,1,,,1110431
9,nativeRandom,2,,,1111893
9,nativeRandom,3,,,1112347
9,nativeRandom,4,,,1111627
9,nativeRandom,5,,,1110533
9,nativeRandom,6,,,1111613
9,nativeRandom,7,,,1111185
9,nativeRandom,8,,,1110409
9,nativeRandom,9,,,1109962
9,lcg,,1115976,-0.0103,
9,lcg,1,,,1115981
9,lcg,2,,,1181912
9,lcg,3,,,1103566
9,lcg,4,,,1114078
9,lcg,5,,,1120786
9,lcg,6,,,1073014
9,lcg,7,,,1068236
9,lcg,8,,,1103568
9,lcg,9,,,1118859
9,xorshift,,1113188,0.0004,
9,xorshift,1,,,1110593
9,xorshift,2,,,1111100
9,xorshift,3,,,1110231
9,xorshift,4,,,1112494
9,xorshift,5,,,1110626
9,xorshift,6,,,1111240
9,xorshift,7,,,1111298
9,xorshift,8,,,1111183
9,xorshift,9,,,1111235
9,mulberry32,,1111201,-0.0001,
9,mulberry32,1,,,1111503
9,mulberry32,2,,,1110613
9,mulberry32,3,,,1111134
9,mulberry32,4,,,1110392
9,mulberry32,5,,,1112958
9,mulberry32,6,,,1111706
9,mulberry32,7,,,1110779
9,mulberry32,8,,,1110354
9,mulberry32,9,,,1110561
10,nativeRandom,,998602,-0.0005,
10,nativeRandom,1,,,998294
10,nativeRandom,2,,,1000476
10,nativeRandom,3,,,1000836
10,nativeRandom,4,,,1000187
10,nativeRandom,5,,,1000507
10,nativeRandom,6,,,999053
10,nativeRandom,7,,,999491
10,nativeRandom,8,,,1000663
10,nativeRandom,9,,,1001365
10,nativeRandom,10,,,999128
10,lcg,,986061,-0.0126,
10,lcg,1,,,1024278
10,lcg,2,,,1014732
10,lcg,3,,,1020449
10,lcg,4,,,1018522
10,lcg,5,,,1044335
10,lcg,6,,,973608
10,lcg,7,,,954522
10,lcg,8,,,957381
10,lcg,9,,,982221
10,lcg,10,,,1009952
10,xorshift,,1001372,-0.0001,
10,xorshift,1,,,999887
10,xorshift,2,,,1002106
10,xorshift,3,,,999905
10,xorshift,4,,,999654
10,xorshift,5,,,999654
10,xorshift,6,,,999846
10,xorshift,7,,,1000292
10,xorshift,8,,,999852
10,xorshift,9,,,999927
10,xorshift,10,,,998877
10,mulberry32,,998513,0.0001,
10,mulberry32,1,,,1000900
10,mulberry32,2,,,1000400
10,mulberry32,3,,,999984
10,mulberry32,4,,,1000980
10,mulberry32,5,,,1000807
10,mulberry32,6,,,999721
10,mulberry32,7,,,999716
10,mulberry32,8,,,999979
10,mulberry32,9,,,997719
10,mulberry32,10,,,999794
11,nativeRandom,,906885,-0.0002,
11,nativeRandom,1,,,909140
11,nativeRandom,2,,,909084
11,nativeRandom,3,,,909496
11,nativeRandom,4,,,909257
11,nativeRandom,5,,,909302
11,nativeRandom,6,,,911022
11,nativeRandom,7,,,908401
11,nativeRandom,8,,,908990
11,nativeRandom,9,,,907095
11,nativeRandom,10,,,908215
11,nativeRandom,11,,,909998
11,lcg,,896228,-0.0117,
11,lcg,1,,,935410
11,lcg,2,,,916266
11,lcg,3,,,936383
11,lcg,4,,,916305
11,lcg,5,,,928718
11,lcg,6,,,906750
11,lcg,7,,,891470
11,lcg,8,,,878081
11,lcg,9,,,877131
11,lcg,10,,,895292
11,lcg,11,,,918194
11,xorshift,,907668,0.0001,
11,xorshift,1,,,909657
11,xorshift,2,,,909003
11,xorshift,3,,,909119
11,xorshift,4,,,908505
11,xorshift,5,,,910808
11,xorshift,6,,,909417
11,xorshift,7,,,906958
11,xorshift,8,,,909579
11,xorshift,9,,,909091
11,xorshift,10,,,908610
11,xorshift,11,,,909253
11,mulberry32,,909802,0.0002,
11,mulberry32,1,,,909485
11,mulberry32,2,,,909391
11,mulberry32,3,,,909013
11,mulberry32,4,,,909631
11,mulberry32,5,,,910920
11,mulberry32,6,,,909132
11,mulberry32,7,,,908363
11,mulberry32,8,,,908399
11,mulberry32,9,,,908821
11,mulberry32,10,,,908109
11,mulberry32,11,,,908736
12,nativeRandom,,832821,-0.0001,
12,nativeRandom,1,,,834779
12,nativeRandom,2,,,834176
12,nativeRandom,3,,,834032
12,nativeRandom,4,,,831060
12,nativeRandom,5,,,833062
12,nativeRandom,6,,,833032
12,nativeRandom,7,,,831640
12,nativeRandom,8,,,833421
12,nativeRandom,9,,,834903
12,nativeRandom,10,,,833265
12,nativeRandom,11,,,833499
12,nativeRandom,12,,,833131
12,lcg,,789233,-0.0117,
12,lcg,1,,,877122
12,lcg,2,,,838944
12,lcg,3,,,865636
12,lcg,4,,,819792
12,lcg,5,,,847500
12,lcg,6,,,873307
12,lcg,7,,,795905
12,lcg,8,,,791130
12,lcg,9,,,815964
12,lcg,10,,,823624
12,lcg,11,,,811190
12,lcg,12,,,839886
12,xorshift,,832562,0.0002,
12,xorshift,1,,,833150
12,xorshift,2,,,835152
12,xorshift,3,,,833081
12,xorshift,4,,,833337
12,xorshift,5,,,831776
12,xorshift,6,,,832142
12,xorshift,7,,,833110
12,xorshift,8,,,833464
12,xorshift,9,,,834591
12,xorshift,10,,,834060
12,xorshift,11,,,832684
12,xorshift,12,,,833453
12,mulberry32,,834041,0.0003,
12,mulberry32,1,,,834477
12,mulberry32,2,,,833392
12,mulberry32,3,,,834026
12,mulberry32,4,,,834157
12,mulberry32,5,,,833952
12,mulberry32,6,,,833181
12,mulberry32,7,,,834169
12,mulberry32,8,,,832937
12,mulberry32,9,,,833201
12,mulberry32,10,,,832476
12,mulberry32,11,,,831504
12,mulberry32,12,,,832528
13,nativeRandom,,771430,-0.0003,
13,nativeRandom,1,,,768244
13,nativeRandom,2,,,769856
13,nativeRandom,3,,,770062
13,nativeRandom,4,,,769590
13,nativeRandom,5,,,770527
13,nativeRandom,6,,,769401
13,nativeRandom,7,,,769369
13,nativeRandom,8,,,769985
13,nativeRandom,9,,,768670
13,nativeRandom,10,,,769199
13,nativeRandom,11,,,768410
13,nativeRandom,12,,,768223
13,nativeRandom,13,,,768464
13,lcg,,787301,-0.0104,
13,lcg,1,,,817886
13,lcg,2,,,771042
13,lcg,3,,,793051
13,lcg,4,,,746235
13,lcg,5,,,783507
13,lcg,6,,,801640
13,lcg,7,,,763431
13,lcg,8,,,757707
13,lcg,9,,,739530
13,lcg,10,,,728068
13,lcg,11,,,772019
13,lcg,12,,,747178
13,lcg,13,,,778706
13,xorshift,,768598,-0.0006,
13,xorshift,1,,,769299
13,xorshift,2,,,768331
13,xorshift,3,,,770194
13,xorshift,4,,,769369
13,xorshift,5,,,769721
13,xorshift,6,,,770793
13,xorshift,7,,,769259
13,xorshift,8,,,769106
13,xorshift,9,,,767950
13,xorshift,10,,,770076
13,xorshift,11,,,768575
13,xorshift,12,,,768581
13,xorshift,13,,,768746
13,mulberry32,,769781,0.0003,
13,mulberry32,1,,,770301
13,mulberry32,2,,,768950
13,mulberry32,3,,,770229
13,mulberry32,4,,,768557
13,mulberry32,5,,,770112
13,mulberry32,6,,,770622
13,mulberry32,7,,,769529
13,mulberry32,8,,,767163
13,mulberry32,9,,,769718
13,mulberry32,10,,,769539
13,mulberry32,11,,,767232
13,mulberry32,12,,,768612
13,mulberry32,13,,,769436
14,nativeRandom,,714938,0.0005,
14,nativeRandom,1,,,713090
14,nativeRandom,2,,,714550
14,nativeRandom,3,,,715944
14,nativeRandom,4,,,714076
14,nativeRandom,5,,,713843
14,nativeRandom,6,,,714290
14,nativeRandom,7,,,714126
14,nativeRandom,8,,,714523
14,nativeRandom,9,,,715181
14,nativeRandom,10,,,714413
14,nativeRandom,11,,,713874
14,nativeRandom,12,,,715575
14,nativeRandom,13,,,713130
14,nativeRandom,14,,,713385
14,lcg,,690834,-0.0119,
14,lcg,1,,,759608
14,lcg,2,,,700383
14,lcg,3,,,755774
14,lcg,4,,,705131
14,lcg,5,,,729009
14,lcg,6,,,703229
14,lcg,7,,,769164
14,lcg,8,,,666918
14,lcg,9,,,699406
14,lcg,10,,,688899
14,lcg,11,,,675512
14,lcg,12,,,734776
14,lcg,13,,,686035
14,lcg,14,,,726156
14,xorshift,,713957,-0.0001,
14,xorshift,1,,,714292
14,xorshift,2,,,713718
14,xorshift,3,,,713852
14,xorshift,4,,,714504
14,xorshift,5,,,714766
14,xorshift,6,,,714982
14,xorshift,7,,,715080
14,xorshift,8,,,714447
14,xorshift,9,,,713778
14,xorshift,10,,,713777
14,xorshift,11,,,715196
14,xorshift,12,,,713006
14,xorshift,13,,,713733
14,xorshift,14,,,714869
14,mulberry32,,714655,-0.0000,
14,mulberry32,1,,,715950
14,mulberry32,2,,,713419
14,mulberry32,3,,,714735
14,mulberry32,4,,,714653
14,mulberry32,5,,,714507
14,mulberry32,6,,,715717
14,mulberry32,7,,,714575
14,mulberry32,8,,,715131
14,mulberry32,9,,,713215
14,mulberry32,10,,,713884
14,mulberry32,11,,,714879
14,mulberry32,12,,,712498
14,mulberry32,13,,,712617
14,mulberry32,14,,,714220
15,nativeRandom,,666841,-0.0006,
15,nativeRandom,1,,,668807
15,nativeRandom,2,,,667586
15,nativeRandom,3,,,666383
15,nativeRandom,4,,,665878
15,nativeRandom,5,,,666670
15,nativeRandom,6,,,666874
15,nativeRandom,7,,,665591
15,nativeRandom,8,,,666142
15,nativeRandom,9,,,667850
15,nativeRandom,10,,,666274
15,nativeRandom,11,,,667697
15,nativeRandom,12,,,666580
15,nativeRandom,13,,,665160
15,nativeRandom,14,,,666330
15,nativeRandom,15,,,666178
15,lcg,,656385,-0.0123,
15,lcg,1,,,721381
15,lcg,2,,,635373
15,lcg,3,,,682214
15,lcg,4,,,688912
15,lcg,5,,,673615
15,lcg,6,,,676485
15,lcg,7,,,699393
15,lcg,8,,,654501
15,lcg,9,,,664055
15,lcg,10,,,613423
15,lcg,11,,,657357
15,lcg,12,,,641137
15,lcg,13,,,672648
15,lcg,14,,,642077
15,lcg,15,,,677429
15,xorshift,,666999,0.0000,
15,xorshift,1,,,666203
15,xorshift,2,,,667333
15,xorshift,3,,,667316
15,xorshift,4,,,667493
15,xorshift,5,,,667208
15,xorshift,6,,,666654
15,xorshift,7,,,667177
15,xorshift,8,,,665859
15,xorshift,9,,,666942
15,xorshift,10,,,666229
15,xorshift,11,,,665603
15,xorshift,12,,,666090
15,xorshift,13,,,667074
15,xorshift,14,,,665861
15,xorshift,15,,,666958
15,mulberry32,,666687,-0.0000,
15,mulberry32,1,,,668169
15,mulberry32,2,,,665555
15,mulberry32,3,,,667658
15,mulberry32,4,,,667015
15,mulberry32,5,,,667287
15,mulberry32,6,,,667289
15,mulberry32,7,,,667422
15,mulberry32,8,,,667519
15,mulberry32,9,,,665301
15,mulberry32,10,,,666209
15,mulberry32,11,,,666648
15,mulberry32,12,,,666424
15,mulberry32,13,,,664557
15,mulberry32,14,,,665256
15,mulberry32,15,,,667691
16,nativeRandom,,626653,0.0008,
16,nativeRandom,1,,,624490
16,nativeRandom,2,,,626188
16,nativeRandom,3,,,625161
16,nativeRandom,4,,,625522
16,nativeRandom,5,,,623114
16,nativeRandom,6,,,626349
16,nativeRandom,7,,,623772
16,nativeRandom,8,,,625352
16,nativeRandom,9,,,626812
16,nativeRandom,10,,,624823
16,nativeRandom,11,,,624375
16,nativeRandom,12,,,626141
16,nativeRandom,13,,,625058
16,nativeRandom,14,,,624067
16,nativeRandom,15,,,623265
16,nativeRandom,16,,,625511
16,lcg,,612483,-0.0121,
16,lcg,1,,,687947
16,lcg,2,,,586658
16,lcg,3,,,632517
16,lcg,4,,,674550
16,lcg,5,,,600030
16,lcg,6,,,635392
16,lcg,7,,,623928
16,lcg,8,,,681258
16,lcg,9,,,582843
16,lcg,10,,,600031
16,lcg,11,,,629662
16,lcg,12,,,590493
16,lcg,13,,,612461
16,lcg,14,,,632538
16,lcg,15,,,600991
16,lcg,16,,,628701
16,xorshift,,625858,0.0001,
16,xorshift,1,,,625211
16,xorshift,2,,,625380
16,xorshift,3,,,626459
16,xorshift,4,,,625229
16,xorshift,5,,,623627
16,xorshift,6,,,624354
16,xorshift,7,,,625069
16,xorshift,8,,,626291
16,xorshift,9,,,624996
16,xorshift,10,,,623612
16,xorshift,11,,,625426
16,xorshift,12,,,625676
16,xorshift,13,,,624718
16,xorshift,14,,,624329
16,xorshift,15,,,624878
16,xorshift,16,,,624745
16,mulberry32,,624614,0.0001,
16,mulberry32,1,,,625925
16,mulberry32,2,,,623712
16,mulberry32,3,,,626144
16,mulberry32,4,,,625105
16,mulberry32,5,,,624632
16,mulberry32,6,,,625993
16,mulberry32,7,,,626610
16,mulberry32,8,,,624313
16,mulberry32,9,,,625150
16,mulberry32,10,,,624061
16,mulberry32,11,,,625027
16,mulberry32,12,,,624782
16,mulberry32,13,,,624914
16,mulberry32,14,,,623959
16,mulberry32,15,,,624311
16,mulberry32,16,,,625362
17,nativeRandom,,588120,0.0003,
17,nativeRandom,1,,,588169
17,nativeRandom,2,,,589974
17,nativeRandom,3,,,587447
17,nativeRandom,4,,,588407
17,nativeRandom,5,,,589241
17,nativeRandom,6,,,588569
17,nativeRandom,7,,,588474
17,nativeRandom,8,,,588396
17,nativeRandom,9,,,586261
17,nativeRandom,10,,,588028
17,nativeRandom,11,,,587089
17,nativeRandom,12,,,588338
17,nativeRandom,13,,,588928
17,nativeRandom,14,,,588430
17,nativeRandom,15,,,588299
17,nativeRandom,16,,,589380
17,nativeRandom,17,,,586570
17,lcg,,578994,-0.0130,
17,lcg,1,,,652580
17,lcg,2,,,522655
17,lcg,3,,,639223
17,lcg,4,,,612470
17,lcg,5,,,578065
17,lcg,6,,,608627
17,lcg,7,,,593352
17,lcg,8,,,613417
17,lcg,9,,,574243
17,lcg,10,,,578060
17,lcg,11,,,562766
17,lcg,12,,,561821
17,lcg,13,,,577108
17,lcg,14,,,576149
17,lcg,15,,,578049
17,lcg,16,,,567551
17,lcg,17,,,603864
17,xorshift,,587849,-0.0000,
17,xorshift,1,,,588185
17,xorshift,2,,,588336
17,xorshift,3,,,587662
17,xorshift,4,,,589229
17,xorshift,5,,,587278
17,xorshift,6,,,587989
17,xorshift,7,,,588716
17,xorshift,8,,,588806
17,xorshift,9,,,588889
17,xorshift,10,,,589709
17,xorshift,11,,,588445
17,xorshift,12,,,587799
17,xorshift,13,,,587184
17,xorshift,14,,,587489
17,xorshift,15,,,588746
17,xorshift,16,,,589195
17,xorshift,17,,,586343
17,mulberry32,,588102,0.0003,
17,mulberry32,1,,,589640
17,mulberry32,2,,,587147
17,mulberry32,3,,,589550
17,mulberry32,4,,,588832
17,mulberry32,5,,,587419
17,mulberry32,6,,,588235
17,mulberry32,7,,,587816
17,mulberry32,8,,,588514
17,mulberry32,9,,,589770
17,mulberry32,10,,,587879
17,mulberry32,11,,,588220
17,mulberry32,12,,,587760
17,mulberry32,13,,,588497
17,mulberry32,14,,,588376
17,mulberry32,15,,,586686
17,mulberry32,16,,,587511
17,mulberry32,17,,,588148
18,nativeRandom,,556043,0.0003,
18,nativeRandom,1,,,554302
18,nativeRandom,2,,,555966
18,nativeRandom,3,,,556354
18,nativeRandom,4,,,555155
18,nativeRandom,5,,,555720
18,nativeRandom,6,,,554349
18,nativeRandom,7,,,555590
18,nativeRandom,8,,,555732
18,nativeRandom,9,,,555555
18,nativeRandom,10,,,554783
18,nativeRandom,11,,,555307
18,nativeRandom,12,,,555916
18,nativeRandom,13,,,555533
18,nativeRandom,14,,,556310
18,nativeRandom,15,,,556172
18,nativeRandom,16,,,556164
18,nativeRandom,17,,,555417
18,nativeRandom,18,,,555675
18,lcg,,549414,-0.0127,
18,lcg,1,,,619163
18,lcg,2,,,496856
18,lcg,3,,,600016
18,lcg,4,,,581877
18,lcg,5,,,538876
18,lcg,6,,,564692
18,lcg,7,,,546516
18,lcg,8,,,567558
18,lcg,9,,,606722
18,lcg,10,,,514051
18,lcg,11,,,560864
18,lcg,12,,,512135
18,lcg,13,,,548451
18,lcg,14,,,519767
18,lcg,15,,,571383
18,lcg,16,,,532221
18,lcg,17,,,554171
18,lcg,18,,,564681
18,xorshift,,555752,0.0003,
18,xorshift,1,,,553680
18,xorshift,2,,,555053
18,xorshift,3,,,555694
18,xorshift,4,,,556684
18,xorshift,5,,,556041
18,xorshift,6,,,555921
18,xorshift,7,,,553727
18,xorshift,8,,,554935
18,xorshift,9,,,555246
18,xorshift,10,,,555246
18,xorshift,11,,,556104
18,xorshift,12,,,557824
18,xorshift,13,,,556041
18,xorshift,14,,,555026
18,xorshift,15,,,555138
18,xorshift,16,,,556860
18,xorshift,17,,,555418
18,xorshift,18,,,555362
18,mulberry32,,555508,0.0003,
18,mulberry32,1,,,555802
18,mulberry32,2,,,555870
18,mulberry32,3,,,555783
18,mulberry32,4,,,555357
18,mulberry32,5,,,555295
18,mulberry32,6,,,554925
18,mulberry32,7,,,555489
18,mulberry32,8,,,554573
18,mulberry32,9,,,556044
18,mulberry32,10,,,556877
18,mulberry32,11,,,554996
18,mulberry32,12,,,557031
18,mulberry32,13,,,555002
18,mulberry32,14,,,556954
18,mulberry32,15,,,553918
18,mulberry32,16,,,555694
18,mulberry32,17,,,555188
18,mulberry32,18,,,555202
19,nativeRandom,,526500,0.0000,
19,nativeRandom,1,,,526959
19,nativeRandom,2,,,526371
19,nativeRandom,3,,,527430
19,nativeRandom,4,,,526499
19,nativeRandom,5,,,525565
19,nativeRandom,6,,,527141
19,nativeRandom,7,,,525799
19,nativeRandom,8,,,525853
19,nativeRandom,9,,,526953
19,nativeRandom,10,,,527183
19,nativeRandom,11,,,525871
19,nativeRandom,12,,,526542
19,nativeRandom,13,,,525248
19,nativeRandom,14,,,526182
19,nativeRandom,15,,,525723
19,nativeRandom,16,,,524760
19,nativeRandom,17,,,527032
19,nativeRandom,18,,,525387
19,nativeRandom,19,,,527502
19,lcg,,521683,-0.0116,
19,lcg,1,,,590477
19,lcg,2,,,478689
19,lcg,3,,,560880
19,lcg,4,,,538894
19,lcg,5,,,532200
19,lcg,6,,,514047
19,lcg,7,,,529342
19,lcg,8,,,545574
19,lcg,9,,,560862
19,lcg,10,,,506402
19,lcg,11,,,504485
19,lcg,12,,,506394
19,lcg,13,,,532196
19,lcg,14,,,510217
19,lcg,15,,,489220
19,lcg,16,,,544594
19,lcg,17,,,497800
19,lcg,18,,,523612
19,lcg,19,,,534115
19,xorshift,,526625,0.0000,
19,xorshift,1,,,526538
19,xorshift,2,,,526241
19,xorshift,3,,,526333
19,xorshift,4,,,525810
19,xorshift,5,,,525408
19,xorshift,6,,,526635
19,xorshift,7,,,527222
19,xorshift,8,,,527327
19,xorshift,9,,,526959
19,xorshift,10,,,526064
19,xorshift,11,,,526303
19,xorshift,12,,,527201
19,xorshift,13,,,526729
19,xorshift,14,,,526695
19,xorshift,15,,,526606
19,xorshift,16,,,525438
19,xorshift,17,,,525660
19,xorshift,18,,,525430
19,xorshift,19,,,525401
19,mulberry32,,526563,0.0005,
19,mulberry32,1,,,526499
19,mulberry32,2,,,527626
19,mulberry32,3,,,526617
19,mulberry32,4,,,525678
19,mulberry32,5,,,526574
19,mulberry32,6,,,524506
19,mulberry32,7,,,526682
19,mulberry32,8,,,525495
19,mulberry32,9,,,526523
19,mulberry32,10,,,527099
19,mulberry32,11,,,526785
19,mulberry32,12,,,526637
19,mulberry32,13,,,526823
19,mulberry32,14,,,525660
19,mulberry32,15,,,527374
19,mulberry32,16,,,525086
19,mulberry32,17,,,526626
19,mulberry32,18,,,526038
19,mulberry32,19,,,525672
20,nativeRandom,,500008,0.0005,
20,nativeRandom,1,,,500725
20,nativeRandom,2,,,500395
20,nativeRandom,3,,,499673
20,nativeRandom,4,,,500834
20,nativeRandom,5,,,499243
20,nativeRandom,6,,,499541
20,nativeRandom,7,,,499923
20,nativeRandom,8,,,500464
20,nativeRandom,9,,,500400
20,nativeRandom,10,,,500100
20,nativeRandom,11,,,499702
20,nativeRandom,12,,,500204
20,nativeRandom,13,,,498636
20,nativeRandom,14,,,501013
20,nativeRandom,15,,,499469
20,nativeRandom,16,,,499527
20,nativeRandom,17,,,500048
20,nativeRandom,18,,,500005
20,nativeRandom,19,,,500244
20,nativeRandom,20,,,499854
20,lcg,,493030,-0.0131,
20,lcg,1,,,556090
20,lcg,2,,,468191
20,lcg,3,,,521679
20,lcg,4,,,493019
20,lcg,5,,,542717
20,lcg,6,,,477733
20,lcg,7,,,521689
20,lcg,8,,,496837
20,lcg,9,,,507347
20,lcg,10,,,536990
20,lcg,11,,,464361
20,lcg,12,,,509269
20,lcg,13,,,461493
20,lcg,14,,,493016
20,lcg,15,,,474882
20,lcg,16,,,482504
20,lcg,17,,,500694
20,lcg,18,,,481567
20,lcg,19,,,501611
20,lcg,20,,,508311
20,xorshift,,499790,0.0000,
20,xorshift,1,,,500768
20,xorshift,2,,,499644
20,xorshift,3,,,500755
20,xorshift,4,,,498928
20,xorshift,5,,,500208
20,xorshift,6,,,499900
20,xorshift,7,,,500331
20,xorshift,8,,,500075
20,xorshift,9,,,500543
20,xorshift,10,,,501180
20,xorshift,11,,,499506
20,xorshift,12,,,499740
20,xorshift,13,,,498573
20,xorshift,14,,,500251
20,xorshift,15,,,500210
20,xorshift,16,,,500685
20,xorshift,17,,,499880
20,xorshift,18,,,498832
20,xorshift,19,,,499744
20,xorshift,20,,,500247
20,mulberry32,,500963,0.0001,
20,mulberry32,1,,,500455
20,mulberry32,2,,,500850
20,mulberry32,3,,,499573
20,mulberry32,4,,,500006
20,mulberry32,5,,,499394
20,mulberry32,6,,,499755
20,mulberry32,7,,,499058
20,mulberry32,8,,,500525
20,mulberry32,9,,,498601
20,mulberry32,10,,,500284
20,mulberry32,11,,,501561
20,mulberry32,12,,,500023
20,mulberry32,13,,,500281
20,mulberry32,14,,,499837
20,mulberry32,15,,,499910
20,mulberry32,16,,,500023
20,mulberry32,17,,,498932
20,mulberry32,18,,,500575
20,mulberry32,19,,,500081
20,mulberry32,20,,,500276
21,nativeRandom,,476999,-0.0000,
21,nativeRandom,1,,,476238
21,nativeRandom,2,,,476810
21,nativeRandom,3,,,477219
21,nativeRandom,4,,,475287
21,nativeRandom,5,,,476153
21,nativeRandom,6,,,476513
21,nativeRandom,7,,,475847
21,nativeRandom,8,,,476607
21,nativeRandom,9,,,476434
21,nativeRandom,10,,,476519
21,nativeRandom,11,,,474812
21,nativeRandom,12,,,475572
21,nativeRandom,13,,,476520
21,nativeRandom,14,,,476671
21,nativeRandom,15,,,475780
21,nativeRandom,16,,,477207
21,nativeRandom,17,,,476028
21,nativeRandom,18,,,475049
21,nativeRandom,19,,,475707
21,nativeRandom,20,,,477045
21,nativeRandom,21,,,475982
21,lcg,,463402,-0.0124,
21,lcg,1,,,533142
21,lcg,2,,,444291
21,lcg,3,,,482516
21,lcg,4,,,478705
21,lcg,5,,,522643
21,lcg,6,,,459592
21,lcg,7,,,480606
21,lcg,8,,,472024
21,lcg,9,,,479650
21,lcg,10,,,515951
21,lcg,11,,,469132
21,lcg,12,,,450982
21,lcg,13,,,471993
21,lcg,14,,,448131
21,lcg,15,,,468178
21,lcg,16,,,467232
21,lcg,17,,,461501
21,lcg,18,,,481541
21,lcg,19,,,453838
21,lcg,20,,,465322
21,lcg,21,,,493030
21,xorshift,,475393,0.0001,
21,xorshift,1,,,477241
21,xorshift,2,,,476150
21,xorshift,3,,,476183
21,xorshift,4,,,477162
21,xorshift,5,,,475939
21,xorshift,6,,,475960
21,xorshift,7,,,476006
21,xorshift,8,,,477379
21,xorshift,9,,,474984
21,xorshift,10,,,475383
21,xorshift,11,,,475901
21,xorshift,12,,,476154
21,xorshift,13,,,477251
21,xorshift,14,,,476127
21,xorshift,15,,,475699
21,xorshift,16,,,476117
21,xorshift,17,,,475714
21,xorshift,18,,,475335
21,xorshift,19,,,475827
21,xorshift,20,,,476787
21,xorshift,21,,,476701
21,mulberry32,,476573,-0.0001,
21,mulberry32,1,,,476606
21,mulberry32,2,,,477045
21,mulberry32,3,,,476304
21,mulberry32,4,,,476424
21,mulberry32,5,,,475628
21,mulberry32,6,,,475770
21,mulberry32,7,,,475298
21,mulberry32,8,,,476992
21,mulberry32,9,,,474896
21,mulberry32,10,,,476386
21,mulberry32,11,,,476249
21,mulberry32,12,,,477010
21,mulberry32,13,,,476159
21,mulberry32,14,,,477135
21,mulberry32,15,,,474820
21,mulberry32,16,,,477231
21,mulberry32,17,,,475485
21,mulberry32,18,,,476190
21,mulberry32,19,,,476717
21,mulberry32,20,,,476061
21,mulberry32,21,,,475594
22,nativeRandom,,454714,0.0001,
22,nativeRandom,1,,,454993
22,nativeRandom,2,,,455076
22,nativeRandom,3,,,453749
22,nativeRandom,4,,,454688
22,nativeRandom,5,,,454653
22,nativeRandom,6,,,455133
22,nativeRandom,7,,,454512
22,nativeRandom,8,,,454360
22,nativeRandom,9,,,454362
22,nativeRandom,10,,,454439
22,nativeRandom,11,,,454474
22,nativeRandom,12,,,454496
22,nativeRandom,13,,,455837
22,nativeRandom,14,,,454172
22,nativeRandom,15,,,454991
22,nativeRandom,16,,,454943
22,nativeRandom,17,,,453759
22,nativeRandom,18,,,454176
22,nativeRandom,19,,,455804
22,nativeRandom,20,,,454289
22,nativeRandom,21,,,452761
22,nativeRandom,22,,,454333
22,lcg,,434757,-0.0111,
22,lcg,1,,,505460
22,lcg,2,,,429967
22,lcg,3,,,451935
22,lcg,4,,,464341
22,lcg,5,,,507363
22,lcg,6,,,428998
22,lcg,7,,,450026
22,lcg,8,,,466267
22,lcg,9,,,472964
22,lcg,10,,,455738
22,lcg,11,,,489216
22,lcg,12,,,417537
22,lcg,13,,,461499
22,lcg,14,,,429973
22,lcg,15,,,438561
22,lcg,16,,,439512
22,lcg,17,,,418505
22,lcg,18,,,458626
22,lcg,19,,,464375
22,lcg,20,,,430934
22,lcg,21,,,447161
22,lcg,22,,,471042
22,xorshift,,454163,-0.0003,
22,xorshift,1,,,455253
22,xorshift,2,,,454207
22,xorshift,3,,,454068
22,xorshift,4,,,454234
22,xorshift,5,,,455036
22,xorshift,6,,,454452
22,xorshift,7,,,455346
22,xorshift,8,,,455531
22,xorshift,9,,,454163
22,xorshift,10,,,453999
22,xorshift,11,,,454486
22,xorshift,12,,,454311
22,xorshift,13,,,454020
22,xorshift,14,,,455418
22,xorshift,15,,,454111
22,xorshift,16,,,453953
22,xorshift,17,,,454587
22,xorshift,18,,,455085
22,xorshift,19,,,454312
22,xorshift,20,,,454187
22,xorshift,21,,,454336
22,xorshift,22,,,454905
22,mulberry32,,455311,0.0006,
22,mulberry32,1,,,455131
22,mulberry32,2,,,455487
22,mulberry32,3,,,453987
22,mulberry32,4,,,455090
22,mulberry32,5,,,454337
22,mulberry32,6,,,453966
22,mulberry32,7,,,453230
22,mulberry32,8,,,454613
22,mulberry32,9,,,453514
22,mulberry32,10,,,453631
22,mulberry32,11,,,454637
22,mulberry32,12,,,455871
22,mulberry32,13,,,454215
22,mulberry32,14,,,455486
22,mulberry32,15,,,455558
22,mulberry32,16,,,453860
22,mulberry32,17,,,455455
22,mulberry32,18,,,453628
22,mulberry32,19,,,454446
22,mulberry32,20,,,454347
22,mulberry32,21,,,455167
22,mulberry32,22,,,454344
23,nativeRandom,,435356,-0.0001,
23,nativeRandom,1,,,435683
23,nativeRandom,2,,,434669
23,nativeRandom,3,,,434269
23,nativeRandom,4,,,435458
23,nativeRandom,5,,,434437
23,nativeRandom,6,,,434461
23,nativeRandom,7,,,435833
23,nativeRandom,8,,,434197
23,nativeRandom,9,,,434008
23,nativeRandom,10,,,434604
23,nativeRandom,11,,,434396
23,nativeRandom,12,,,436187
23,nativeRandom,13,,,434919
23,nativeRandom,14,,,435920
23,nativeRandom,15,,,435551
23,nativeRandom,16,,,434471
23,nativeRandom,17,,,434626
23,nativeRandom,18,,,435207
23,nativeRandom,19,,,434081
23,nativeRandom,20,,,434490
23,nativeRandom,21,,,434518
23,nativeRandom,22,,,434081
23,nativeRandom,23,,,433934
23,lcg,,416597,-0.0127,
23,lcg,1,,,482500
23,lcg,2,,,426141
23,lcg,3,,,427105
23,lcg,4,,,453871
23,lcg,5,,,450023
23,lcg,6,,,441436
23,lcg,7,,,427099
23,lcg,8,,,440475
23,lcg,9,,,426146
23,lcg,10,,,441450
23,lcg,11,,,472964
23,lcg,12,,,426129
23,lcg,13,,,413732
23,lcg,14,,,447137
23,lcg,15,,,401312
23,lcg,16,,,433789
23,lcg,17,,,418487
23,lcg,18,,,392709
23,lcg,19,,,453845
23,lcg,20,,,440455
23,lcg,21,,,400336
23,lcg,22,,,430913
23,lcg,23,,,451946
23,xorshift,,433797,0.0001,
23,xorshift,1,,,434904
23,xorshift,2,,,434326
23,xorshift,3,,,435068
23,xorshift,4,,,435516
23,xorshift,5,,,435007
23,xorshift,6,,,435106
23,xorshift,7,,,434933
23,xorshift,8,,,434635
23,xorshift,9,,,433783
23,xorshift,10,,,435928
23,xorshift,11,,,435035
23,xorshift,12,,,433070
23,xorshift,13,,,434831
23,xorshift,14,,,434605
23,xorshift,15,,,434541
23,xorshift,16,,,434347
23,xorshift,17,,,434795
23,xorshift,18,,,434658
23,xorshift,19,,,434602
23,xorshift,20,,,435297
23,xorshift,21,,,433764
23,xorshift,22,,,435794
23,xorshift,23,,,435455
23,mulberry32,,434988,0.0004,
23,mulberry32,1,,,434656
23,mulberry32,2,,,435525
23,mulberry32,3,,,434762
23,mulberry32,4,,,435247
23,mulberry32,5,,,434763
23,mulberry32,6,,,434201
23,mulberry32,7,,,434257
23,mulberry32,8,,,434258
23,mulberry32,9,,,434739
23,mulberry32,10,,,433871
23,mulberry32,11,,,435810
23,mulberry32,12,,,435444
23,mulberry32,13,,,435439
23,mulberry32,14,,,434282
23,mulberry32,15,,,435637
23,mulberry32,16,,,435189
23,mulberry32,17,,,434470
23,mulberry32,18,,,435536
23,mulberry32,19,,,433581
23,mulberry32,20,,,434647
23,mulberry32,21,,,434553
23,mulberry32,22,,,434464
23,mulberry32,23,,,434669
24,nativeRandom,,416907,-0.0001,
24,nativeRandom,1,,,416716
24,nativeRandom,2,,,416912
24,nativeRandom,3,,,416916
24,nativeRandom,4,,,415953
24,nativeRandom,5,,,416957
24,nativeRandom,6,,,415253
24,nativeRandom,7,,,416290
24,nativeRandom,8,,,416369
24,nativeRandom,9,,,417730
24,nativeRandom,10,,,417407
24,nativeRandom,11,,,415932
24,nativeRandom,12,,,416260
24,nativeRandom,13,,,416650
24,nativeRandom,14,,,416222
24,nativeRandom,15,,,416453
24,nativeRandom,16,,,417616
24,nativeRandom,17,,,417456
24,nativeRandom,18,,,416682
24,nativeRandom,19,,,415821
24,nativeRandom,20,,,416485
24,nativeRandom,21,,,417193
24,nativeRandom,22,,,416740
24,nativeRandom,23,,,417576
24,nativeRandom,24,,,416411
24,lcg,,407039,-0.0121,
24,lcg,1,,,465332
24,lcg,2,,,411808
24,lcg,3,,,397469
24,lcg,4,,,441406
24,lcg,5,,,432829
24,lcg,6,,,432832
24,lcg,7,,,396515
24,lcg,8,,,423276
24,lcg,9,,,415623
24,lcg,10,,,431870
24,lcg,11,,,432815
24,lcg,12,,,440486
24,lcg,13,,,381236
24,lcg,14,,,414683
24,lcg,15,,,386986
24,lcg,16,,,404157
24,lcg,17,,,416594
24,lcg,18,,,399398
24,lcg,19,,,392685
24,lcg,20,,,430930
24,lcg,21,,,421387
24,lcg,22,,,389829
24,lcg,23,,,412764
24,lcg,24,,,427090
24,xorshift,,416905,-0.0007,
24,xorshift,1,,,416593
24,xorshift,2,,,417939
24,xorshift,3,,,415934
24,xorshift,4,,,415997
24,xorshift,5,,,417081
24,xorshift,6,,,416576
24,xorshift,7,,,416942
24,xorshift,8,,,416075
24,xorshift,9,,,417740
24,xorshift,10,,,416080
24,xorshift,11,,,415851
24,xorshift,12,,,417529
24,xorshift,13,,,417112
24,xorshift,14,,,416588
24,xorshift,15,,,416117
24,xorshift,16,,,417528
24,xorshift,17,,,416491
24,xorshift,18,,,416070
24,xorshift,19,,,416333
24,xorshift,20,,,416303
24,xorshift,21,,,416902
24,xorshift,22,,,416384
24,xorshift,23,,,417702
24,xorshift,24,,,416133
24,mulberry32,,416145,0.0003,
24,mulberry32,1,,,416921
24,mulberry32,2,,,417204
24,mulberry32,3,,,416978
24,mulberry32,4,,,417010
24,mulberry32,5,,,416580
24,mulberry32,6,,,416533
24,mulberry32,7,,,416028
24,mulberry32,8,,,415784
24,mulberry32,9,,,416535
24,mulberry32,10,,,416241
24,mulberry32,11,,,416020
24,mulberry32,12,,,417103
24,mulberry32,13,,,417959
24,mulberry32,14,,,416757
24,mulberry32,15,,,416922
24,mulberry32,16,,,417365
24,mulberry32,17,,,416132
24,mulberry32,18,,,417181
24,mulberry32,19,,,417092
24,mulberry32,20,,,415621
24,mulberry32,21,,,417067
24,mulberry32,22,,,416059
24,mulberry32,23,,,416561
24,mulberry32,24,,,416347
25,nativeRandom,,400436,-0.0005,
25,nativeRandom,1,,,400432
25,nativeRandom,2,,,399470
25,nativeRandom,3,,,400598
25,nativeRandom,4,,,399739
25,nativeRandom,5,,,399767
25,nativeRandom,6,,,400169
25,nativeRandom,7,,,399235
25,nativeRandom,8,,,400502
25,nativeRandom,9,,,399727
25,nativeRandom,10,,,399845
25,nativeRandom,11,,,399880
25,nativeRandom,12,,,400648
25,nativeRandom,13,,,401338
25,nativeRandom,14,,,399620
25,nativeRandom,15,,,399846
25,nativeRandom,16,,,400281
25,nativeRandom,17,,,398604
25,nativeRandom,18,,,400351
25,nativeRandom,19,,,399883
25,nativeRandom,20,,,398392
25,nativeRandom,21,,,399907
25,nativeRandom,22,,,400931
25,nativeRandom,23,,,400473
25,nativeRandom,24,,,400814
25,nativeRandom,25,,,399548
25,lcg,,392703,-0.0128,
25,lcg,1,,,441404
25,lcg,2,,,405122
25,lcg,3,,,355448
25,lcg,4,,,445269
25,lcg,5,,,391743
25,lcg,6,,,443345
25,lcg,7,,,379335
25,lcg,8,,,394609
25,lcg,9,,,417548
25,lcg,10,,,404162
25,lcg,11,,,395587
25,lcg,12,,,433791
25,lcg,13,,,394594
25,lcg,14,,,385059
25,lcg,15,,,408933
25,lcg,16,,,371676
25,lcg,17,,,381234
25,lcg,18,,,393654
25,lcg,19,,,382188
25,lcg,20,,,383155
25,lcg,21,,,418487
25,lcg,22,,,387910
25,lcg,23,,,379325
25,lcg,24,,,393656
25,lcg,25,,,412766
25,xorshift,,400008,-0.0001,
25,xorshift,1,,,399158
25,xorshift,2,,,400445
25,xorshift,3,,,399795
25,xorshift,4,,,400812
25,xorshift,5,,,399959
25,xorshift,6,,,399424
25,xorshift,7,,,400439
25,xorshift,8,,,401225
25,xorshift,9,,,399789
25,xorshift,10,,,399967
25,xorshift,11,,,399630
25,xorshift,12,,,399507
25,xorshift,13,,,400191
25,xorshift,14,,,398679
25,xorshift,15,,,399694
25,xorshift,16,,,400070
25,xorshift,17,,,400305
25,xorshift,18,,,399223
25,xorshift,19,,,399189
25,xorshift,20,,,400165
25,xorshift,21,,,400088
25,xorshift,22,,,401632
25,xorshift,23,,,400150
25,xorshift,24,,,400838
25,xorshift,25,,,399626
25,mulberry32,,400022,0.0002,
25,mulberry32,1,,,400836
25,mulberry32,2,,,400037
25,mulberry32,3,,,400124
25,mulberry32,4,,,400406
25,mulberry32,5,,,399764
25,mulberry32,6,,,399550
25,mulberry32,7,,,400103
25,mulberry32,8,,,398442
25,mulberry32,9,,,400308
25,mulberry32,10,,,400464
25,mulberry32,11,,,398929
25,mulberry32,12,,,399998
25,mulberry32,13,,,400267
25,mulberry32,14,,,400923
25,mulberry32,15,,,399861
25,mulberry32,16,,,400225
25,mulberry32,17,,,400430
25,mulberry32,18,,,398916
25,mulberry32,19,,,400679
25,mulberry32,20,,,399922
25,mulberry32,21,,,399240
25,mulberry32,22,,,400256
25,mulberry32,23,,,399572
25,mulberry32,24,,,400199
25,mulberry32,25,,,400549
26,nativeRandom,,382971,0.0004,
26,nativeRandom,1,,,384808
26,nativeRandom,2,,,384052
26,nativeRandom,3,,,384503
26,nativeRandom,4,,,385168
26,nativeRandom,5,,,384398
26,nativeRandom,6,,,384798
26,nativeRandom,7,,,384646
26,nativeRandom,8,,,385217
26,nativeRandom,9,,,384952
26,nativeRandom,10,,,384498
26,nativeRandom,11,,,384694
26,nativeRandom,12,,,384549
26,nativeRandom,13,,,384076
26,nativeRandom,14,,,384383
26,nativeRandom,15,,,384914
26,nativeRandom,16,,,385547
26,nativeRandom,17,,,384565
26,nativeRandom,18,,,384311
26,nativeRandom,19,,,384303
26,nativeRandom,20,,,384399
26,nativeRandom,21,,,384826
26,nativeRandom,22,,,383640
26,nativeRandom,23,,,386403
26,nativeRandom,24,,,384075
26,nativeRandom,25,,,383325
26,nativeRandom,26,,,384950
26,lcg,,386009,-0.0118,
26,lcg,1,,,427118
26,lcg,2,,,390790
26,lcg,3,,,339176
26,lcg,4,,,431865
26,lcg,5,,,368815
26,lcg,6,,,424226
26,lcg,7,,,368803
26,lcg,8,,,377420
26,lcg,9,,,404158
26,lcg,10,,,379314
26,lcg,11,,,407041
26,lcg,12,,,394594
26,lcg,13,,,408957
26,lcg,14,,,354480
26,lcg,15,,,371688
26,lcg,16,,,386031
26,lcg,17,,,352554
26,lcg,18,,,386969
26,lcg,19,,,370728
26,lcg,20,,,357352
26,lcg,21,,,376449
26,lcg,22,,,395563
26,lcg,23,,,373612
26,lcg,24,,,373591
26,lcg,25,,,382185
26,lcg,26,,,396521
26,xorshift,,385966,-0.0000,
26,xorshift,1,,,384269
26,xorshift,2,,,385785
26,xorshift,3,,,384297
26,xorshift,4,,,384594
26,xorshift,5,,,385007
26,xorshift,6,,,383706
26,xorshift,7,,,385078
26,xorshift,8,,,385238
26,xorshift,9,,,384926
26,xorshift,10,,,385297
26,xorshift,11,,,384950
26,xorshift,12,,,384042
26,xorshift,13,,,383822
26,xorshift,14,,,385172
26,xorshift,15,,,384440
26,xorshift,16,,,385005
26,xorshift,17,,,384834
26,xorshift,18,,,383341
26,xorshift,19,,,384947
26,xorshift,20,,,384279
26,xorshift,21,,,384813
26,xorshift,22,,,384572
26,xorshift,23,,,384510
26,xorshift,24,,,384003
26,xorshift,25,,,384603
26,xorshift,26,,,384470
26,mulberry32,,385431,0.0001,
26,mulberry32,1,,,384778
26,mulberry32,2,,,385444
26,mulberry32,3,,,384449
26,mulberry32,4,,,384842
26,mulberry32,5,,,385038
26,mulberry32,6,,,384225
26,mulberry32,7,,,384062
26,mulberry32,8,,,384410
26,mulberry32,9,,,384173
26,mulberry32,10,,,384921
26,mulberry32,11,,,383670
26,mulberry32,12,,,384337
26,mulberry32,13,,,384025
26,mulberry32,14,,,385831
26,mulberry32,15,,,385728
26,mulberry32,16,,,384184
26,mulberry32,17,,,385300
26,mulberry32,18,,,384806
26,mulberry32,19,,,383645
26,mulberry32,20,,,385446
26,mulberry32,21,,,384108
26,mulberry32,22,,,384276
26,mulberry32,23,,,385217
26,mulberry32,24,,,383903
26,mulberry32,25,,,384480
26,mulberry32,26,,,384702
27,nativeRandom,,369901,-0.0009,
27,nativeRandom,1,,,370535
27,nativeRandom,2,,,369770
27,nativeRandom,3,,,370646
27,nativeRandom,4,,,370407
27,nativeRandom,5,,,369743
27,nativeRandom,6,,,370192
27,nativeRandom,7,,,370936
27,nativeRandom,8,,,370654
27,nativeRandom,9,,,370366
27,nativeRandom,10,,,370543
27,nativeRandom,11,,,370655
27,nativeRandom,12,,,370194
27,nativeRandom,13,,,370111
27,nativeRandom,14,,,370071
27,nativeRandom,15,,,371001
27,nativeRandom,16,,,370561
27,nativeRandom,17,,,370176
27,nativeRandom,18,,,370283
27,nativeRandom,19,,,370099
27,nativeRandom,20,,,370389
27,nativeRandom,21,,,370267
27,nativeRandom,22,,,370885
27,nativeRandom,23,,,371057
27,nativeRandom,24,,,369459
27,nativeRandom,25,,,370199
27,nativeRandom,26,,,370536
27,nativeRandom,27,,,370265
27,lcg,,333464,-0.0124,
27,lcg,1,,,414661
27,lcg,2,,,372630
27,lcg,3,,,328700
27,lcg,4,,,406094
27,lcg,5,,,365004
27,lcg,6,,,410851
27,lcg,7,,,358309
27,lcg,8,,,371680
27,lcg,9,,,373583
27,lcg,10,,,361184
27,lcg,11,,,395557
27,lcg,12,,,357366
27,lcg,13,,,407983
27,lcg,14,,,366884
27,lcg,15,,,345894
27,lcg,16,,,380273
27,lcg,17,,,332492
27,lcg,18,,,360230
27,lcg,19,,,373591
27,lcg,20,,,357336
27,lcg,21,,,337275
27,lcg,22,,,378375
27,lcg,23,,,375504
27,lcg,24,,,349684
27,lcg,25,,,366900
27,lcg,26,,,372642
27,lcg,27,,,379318
27,xorshift,,370495,-0.0002,
27,xorshift,1,,,369819
27,xorshift,2,,,371492
27,xorshift,3,,,370400
27,xorshift,4,,,370525
27,xorshift,5,,,369944
27,xorshift,6,,,370542
27,xorshift,7,,,370483
27,xorshift,8,,,369686
27,xorshift,9,,,370042
27,xorshift,10,,,370040
27,xorshift,11,,,369020
27,xorshift,12,,,369736
27,xorshift,13,,,370073
27,xorshift,14,,,370800
27,xorshift,15,,,369410
27,xorshift,16,,,370833
27,xorshift,17,,,370659
27,xorshift,18,,,370872
27,xorshift,19,,,370612
27,xorshift,20,,,370355
27,xorshift,21,,,370400
27,xorshift,22,,,370649
27,xorshift,23,,,371368
27,xorshift,24,,,370440
27,xorshift,25,,,372165
27,xorshift,26,,,369962
27,xorshift,27,,,369673
27,mulberry32,,370291,0.0004,
27,mulberry32,1,,,370695
27,mulberry32,2,,,370966
27,mulberry32,3,,,370493
27,mulberry32,4,,,370521
27,mulberry32,5,,,370610
27,mulberry32,6,,,370113
27,mulberry32,7,,,370549
27,mulberry32,8,,,369167
27,mulberry32,9,,,369783
27,mulberry32,10,,,370104
27,mulberry32,11,,,369694
27,mulberry32,12,,,369683
27,mulberry32,13,,,370834
27,mulberry32,14,,,370475
27,mulberry32,15,,,371016
27,mulberry32,16,,,370167
27,mulberry32,17,,,371450
27,mulberry32,18,,,370857
27,mulberry32,19,,,370515
27,mulberry32,20,,,369826
27,mulberry32,21,,,371676
27,mulberry32,22,,,368962
27,mulberry32,23,,,370031
27,mulberry32,24,,,371104
27,mulberry32,25,,,369958
27,mulberry32,26,,,370425
27,mulberry32,27,,,370326
28,nativeRandom,,357100,0.0001,
28,nativeRandom,1,,,357111
28,nativeRandom,2,,,356885
28,nativeRandom,3,,,357263
28,nativeRandom,4,,,356318
28,nativeRandom,5,,,357336
28,nativeRandom,6,,,356273
28,nativeRandom,7,,,358350
28,nativeRandom,8,,,356498
28,nativeRandom,9,,,358245
28,nativeRandom,10,,,356920
28,nativeRandom,11,,,357040
28,nativeRandom,12,,,357989
28,nativeRandom,13,,,357612
28,nativeRandom,14,,,357814
28,nativeRandom,15,,,356785
28,nativeRandom,16,,,357527
28,nativeRandom,17,,,357790
28,nativeRandom,18,,,356596
28,nativeRandom,19,,,357678
28,nativeRandom,20,,,357269
28,nativeRandom,21,,,357412
28,nativeRandom,22,,,357137
28,nativeRandom,23,,,356945
28,nativeRandom,24,,,356800
28,nativeRandom,25,,,356019
28,nativeRandom,26,,,357447
28,nativeRandom,27,,,357347
28,nativeRandom,28,,,355594
28,lcg,,349695,-0.0116,
28,lcg,1,,,407996
28,lcg,2,,,351617
28,lcg,3,,,324847
28,lcg,4,,,375487
28,lcg,5,,,369758
28,lcg,6,,,386025
28,lcg,7,,,365952
28,lcg,8,,,339189
28,lcg,9,,,347810
28,lcg,10,,,381232
28,lcg,11,,,341101
28,lcg,12,,,362126
28,lcg,13,,,378339
28,lcg,14,,,390811
28,lcg,15,,,328681
28,lcg,16,,,338253
28,lcg,17,,,370731
28,lcg,18,,,328680
28,lcg,19,,,341103
28,lcg,20,,,347792
28,lcg,21,,,347799
28,lcg,22,,,327729
28,lcg,23,,,367846
28,lcg,24,,,366893
28,lcg,25,,,336338
28,lcg,26,,,349701
28,lcg,27,,,360209
28,lcg,28,,,365955
28,xorshift,,357993,0.0001,
28,xorshift,1,,,357285
28,xorshift,2,,,357676
28,xorshift,3,,,357304
28,xorshift,4,,,357240
28,xorshift,5,,,356276
28,xorshift,6,,,358602
28,xorshift,7,,,358647
28,xorshift,8,,,357133
28,xorshift,9,,,357935
28,xorshift,10,,,357057
28,xorshift,11,,,356696
28,xorshift,12,,,357332
28,xorshift,13,,,356235
28,xorshift,14,,,356514
28,xorshift,15,,,355948
28,xorshift,16,,,357838
28,xorshift,17,,,357398
28,xorshift,18,,,356822
28,xorshift,19,,,356309
28,xorshift,20,,,357061
28,xorshift,21,,,356753
28,xorshift,22,,,356717
28,xorshift,23,,,357213
28,xorshift,24,,,357022
28,xorshift,25,,,358062
28,xorshift,26,,,356483
28,xorshift,27,,,357393
28,xorshift,28,,,357049
28,mulberry32,,357446,0.0003,
28,mulberry32,1,,,357230
28,mulberry32,2,,,357866
28,mulberry32,3,,,357540
28,mulberry32,4,,,356804
28,mulberry32,5,,,357500
28,mulberry32,6,,,356478
28,mulberry32,7,,,356706
28,mulberry32,8,,,356861
28,mulberry32,9,,,356041
28,mulberry32,10,,,357706
28,mulberry32,11,,,356923
28,mulberry32,12,,,356496
28,mulberry32,13,,,357269
28,mulberry32,14,,,357616
28,mulberry32,15,,,358505
28,mulberry32,16,,,357194
28,mulberry32,17,,,357100
28,mulberry32,18,,,357717
28,mulberry32,19,,,357674
28,mulberry32,20,,,355910
28,mulberry32,21,,,358157
28,mulberry32,22,,,357710
28,mulberry32,23,,,355471
28,mulberry32,24,,,356914
28,mulberry32,25,,,357430
28,mulberry32,26,,,357264
28,mulberry32,27,,,356643
28,mulberry32,28,,,357275
29,nativeRandom,,345755,0.0000,
29,nativeRandom,1,,,344953
29,nativeRandom,2,,,343968
29,nativeRandom,3,,,344572
29,nativeRandom,4,,,344799
29,nativeRandom,5,,,345664
29,nativeRandom,6,,,343735
29,nativeRandom,7,,,344098
29,nativeRandom,8,,,345449
29,nativeRandom,9,,,345588
29,nativeRandom,10,,,345296
29,nativeRandom,11,,,345190
29,nativeRandom,12,,,344920
29,nativeRandom,13,,,344892
29,nativeRandom,14,,,344942
29,nativeRandom,15,,,345239
29,nativeRandom,16,,,344449
29,nativeRandom,17,,,344849
29,nativeRandom,18,,,345097
29,nativeRandom,19,,,344524
29,nativeRandom,20,,,345081
29,nativeRandom,21,,,344204
29,nativeRandom,22,,,344571
29,nativeRandom,23,,,345640
29,nativeRandom,24,,,345438
29,nativeRandom,25,,,344561
29,nativeRandom,26,,,344319
29,nativeRandom,27,,,344551
29,nativeRandom,28,,,344721
29,nativeRandom,29,,,344690
29,lcg,,318187,-0.0121,
29,lcg,1,,,391734
29,lcg,2,,,349708
29,lcg,3,,,313415
29,lcg,4,,,353544
29,lcg,5,,,365007
29,lcg,6,,,358291
29,lcg,7,,,363068
29,lcg,8,,,328692
29,lcg,9,,,326762
29,lcg,10,,,369774
29,lcg,11,,,342058
29,lcg,12,,,364992
29,lcg,13,,,338249
29,lcg,14,,,368803
29,lcg,15,,,342997
29,lcg,16,,,320090
29,lcg,17,,,351601
29,lcg,18,,,327712
29,lcg,19,,,322013
29,lcg,20,,,356382
29,lcg,21,,,319131
29,lcg,22,,,333465
29,lcg,23,,,325811
29,lcg,24,,,359267
29,lcg,25,,,338244
29,lcg,26,,,329628
29,lcg,27,,,336340
29,lcg,28,,,345886
29,lcg,29,,,357336
29,xorshift,,345604,0.0005,
29,xorshift,1,,,343797
29,xorshift,2,,,345213
29,xorshift,3,,,344843
29,xorshift,4,,,344350
29,xorshift,5,,,343471
29,xorshift,6,,,344193
29,xorshift,7,,,345371
29,xorshift,8,,,344597
29,xorshift,9,,,344781
29,xorshift,10,,,343934
29,xorshift,11,,,344964
29,xorshift,12,,,344628
29,xorshift,13,,,345523
29,xorshift,14,,,345366
29,xorshift,15,,,344233
29,xorshift,16,,,345476
29,xorshift,17,,,344475
29,xorshift,18,,,345802
29,xorshift,19,,,345086
29,xorshift,20,,,345232
29,xorshift,21,,,344563
29,xorshift,22,,,344541
29,xorshift,23,,,344963
29,xorshift,24,,,343794
29,xorshift,25,,,345542
29,xorshift,26,,,345061
29,xorshift,27,,,345553
29,xorshift,28,,,346039
29,xorshift,29,,,344609
29,mulberry32,,345030,0.0005,
29,mulberry32,1,,,344785
29,mulberry32,2,,,345389
29,mulberry32,3,,,344996
29,mulberry32,4,,,344466
29,mulberry32,5,,,345698
29,mulberry32,6,,,344679
29,mulberry32,7,,,344716
29,mulberry32,8,,,344259
29,mulberry32,9,,,344207
29,mulberry32,10,,,344609
29,mulberry32,11,,,345182
29,mulberry32,12,,,344400
29,mulberry32,13,,,344117
29,mulberry32,14,,,345291
29,mulberry32,15,,,344780
29,mulberry32,16,,,346020
29,mulberry32,17,,,344411
29,mulberry32,18,,,344655
29,mulberry32,19,,,346057
29,mulberry32,20,,,345457
29,mulberry32,21,,,343498
29,mulberry32,22,,,345993
29,mulberry32,23,,,345263
29,mulberry32,24,,,343583
29,mulberry32,25,,,344832
29,mulberry32,26,,,344752
29,mulberry32,27,,,344925
29,mulberry32,28,,,343900
29,mulberry32,29,,,345080
30,nativeRandom,,333278,-0.0001,
30,nativeRandom,1,,,332778
30,nativeRandom,2,,,333175
30,nativeRandom,3,,,333116
30,nativeRandom,4,,,332843
30,nativeRandom,5,,,332899
30,nativeRandom,6,,,333670
30,nativeRandom,7,,,333271
30,nativeRandom,8,,,333347
30,nativeRandom,9,,,334023
30,nativeRandom,10,,,332778
30,nativeRandom,11,,,333407
30,nativeRandom,12,,,333546
30,nativeRandom,13,,,334098
30,nativeRandom,14,,,334516
30,nativeRandom,15,,,333213
30,nativeRandom,16,,,332908
30,nativeRandom,17,,,332590
30,nativeRandom,18,,,333483
30,nativeRandom,19,,,333135
30,nativeRandom,20,,,334362
30,nativeRandom,21,,,333328
30,nativeRandom,22,,,333623
30,nativeRandom,23,,,334256
30,nativeRandom,24,,,333107
30,nativeRandom,25,,,333270
30,nativeRandom,26,,,333553
30,nativeRandom,27,,,332728
30,nativeRandom,28,,,334130
30,nativeRandom,29,,,332239
30,nativeRandom,30,,,332608
30,lcg,,321039,-0.0116,
30,lcg,1,,,385069
30,lcg,2,,,336325
30,lcg,3,,,302866
30,lcg,4,,,332481
30,lcg,5,,,359246
30,lcg,6,,,322970
30,lcg,7,,,367864
30,lcg,8,,,321035
30,lcg,9,,,331546
30,lcg,10,,,342062
30,lcg,11,,,328689
30,lcg,12,,,347793
30,lcg,13,,,321994
30,lcg,14,,,377399
30,lcg,15,,,344939
30,lcg,16,,,309580
30,lcg,17,,,317220
30,lcg,18,,,346843
30,lcg,19,,,295255
30,lcg,20,,,318163
30,lcg,21,,,341105
30,lcg,22,,,316261
30,lcg,23,,,312449
30,lcg,24,,,328684
30,lcg,25,,,341098
30,lcg,26,,,331561
30,lcg,27,,,309581
30,lcg,28,,,332489
30,lcg,29,,,332504
30,lcg,30,,,344929
30,xorshift,,333077,-0.0002,
30,xorshift,1,,,332717
30,xorshift,2,,,332897
30,xorshift,3,,,333645
30,xorshift,4,,,332691
30,xorshift,5,,,333758
30,xorshift,6,,,333604
30,xorshift,7,,,332466
30,xorshift,8,,,332948
30,xorshift,9,,,332716
30,xorshift,10,,,332980
30,xorshift,11,,,333110
30,xorshift,12,,,333903
30,xorshift,13,,,333461
30,xorshift,14,,,332635
30,xorshift,15,,,333596
30,xorshift,16,,,333452
30,xorshift,17,,,333816
30,xorshift,18,,,333043
30,xorshift,19,,,334178
30,xorshift,20,,,332021
30,xorshift,21,,,333519
30,xorshift,22,,,334537
30,xorshift,23,,,332828
30,xorshift,24,,,334360
30,xorshift,25,,,332665
30,xorshift,26,,,334561
30,xorshift,27,,,332607
30,xorshift,28,,,333216
30,xorshift,29,,,333542
30,xorshift,30,,,334528
30,mulberry32,,333729,0.0003,
30,mulberry32,1,,,333856
30,mulberry32,2,,,333865
30,mulberry32,3,,,334147
30,mulberry32,4,,,332703
30,mulberry32,5,,,333742
30,mulberry32,6,,,333076
30,mulberry32,7,,,332646
30,mulberry32,8,,,333620
30,mulberry32,9,,,332751
30,mulberry32,10,,,332498
30,mulberry32,11,,,333292
30,mulberry32,12,,,333485
30,mulberry32,13,,,332410
30,mulberry32,14,,,333098
30,mulberry32,15,,,332926
30,mulberry32,16,,,334725
30,mulberry32,17,,,333652
30,mulberry32,18,,,333415
30,mulberry32,19,,,333457
30,mulberry32,20,,,333874
30,mulberry32,21,,,333199
30,mulberry32,22,,,333246
30,mulberry32,23,,,334067
30,mulberry32,24,,,332880
30,mulberry32,25,,,332359
30,mulberry32,26,,,333507
30,mulberry32,27,,,333380
30,mulberry32,28,,,333351
30,mulberry32,29,,,332753
30,mulberry32,30,,,334020
31,nativeRandom,,322410,-0.0004,
31,nativeRandom,1,,,323405
31,nativeRandom,2,,,322578
31,nativeRandom,3,,,323097
31,nativeRandom,4,,,321711
31,nativeRandom,5,,,322211
31,nativeRandom,6,,,322640
31,nativeRandom,7,,,323933
31,nativeRandom,8,,,322357
31,nativeRandom,9,,,322895
31,nativeRandom,10,,,322618
31,nativeRandom,11,,,322986
31,nativeRandom,12,,,323079
31,nativeRandom,13,,,322350
31,nativeRandom,14,,,323573
31,nativeRandom,15,,,323580
31,nativeRandom,16,,,321456
31,nativeRandom,17,,,322050
31,nativeRandom,18,,,323378
31,nativeRandom,19,,,322884
31,nativeRandom,20,,,321478
31,nativeRandom,21,,,321633
31,nativeRandom,22,,,322004
31,nativeRandom,23,,,322395
31,nativeRandom,24,,,321786
31,nativeRandom,25,,,322472
31,nativeRandom,26,,,322399
31,nativeRandom,27,,,323074
31,nativeRandom,28,,,322260
31,nativeRandom,29,,,322268
31,nativeRandom,30,,,322850
31,nativeRandom,31,,,322600
31,lcg,,312425,-0.0119,
31,lcg,1,,,370715
31,lcg,2,,,336324
31,lcg,3,,,292384
31,lcg,4,,,313420
31,lcg,5,,,348761
31,lcg,6,,,314338
31,lcg,7,,,365944
31,lcg,8,,,306708
31,lcg,9,,,323906
31,lcg,10,,,308603
31,lcg,11,,,346836
31,lcg,12,,,302882
31,lcg,13,,,348756
31,lcg,14,,,331554
31,lcg,15,,,340139
31,lcg,16,,,317204
31,lcg,17,,,304807
31,lcg,18,,,307657
31,lcg,19,,,330580
31,lcg,20,,,305757
31,lcg,21,,,296193
31,lcg,22,,,324868
31,lcg,23,,,315308
31,lcg,24,,,291408
31,lcg,25,,,318178
31,lcg,26,,,348756
31,lcg,27,,,317204
31,lcg,28,,,299064
31,lcg,29,,,319147
31,lcg,30,,,315312
31,lcg,31,,,337287
31,xorshift,,322812,0.0003,
31,xorshift,1,,,321335
31,xorshift,2,,,322139
31,xorshift,3,,,322315
31,xorshift,4,,,323150
31,xorshift,5,,,322549
31,xorshift,6,,,323011
31,xorshift,7,,,322679
31,xorshift,8,,,323439
31,xorshift,9,,,322765
31,xorshift,10,,,322144
31,xorshift,11,,,322687
31,xorshift,12,,,322947
31,xorshift,13,,,323416
31,xorshift,14,,,322142
31,xorshift,15,,,323560
31,xorshift,16,,,322834
31,xorshift,17,,,321806
31,xorshift,18,,,322823
31,xorshift,19,,,322618
31,xorshift,20,,,322100
31,xorshift,21,,,322693
31,xorshift,22,,,322914
31,xorshift,23,,,322293
31,xorshift,24,,,323165
31,xorshift,25,,,322640
31,xorshift,26,,,322181
31,xorshift,27,,,323573
31,xorshift,28,,,321883
31,xorshift,29,,,321636
31,xorshift,30,,,322474
31,xorshift,31,,,322089
31,mulberry32,,322475,0.0001,
31,mulberry32,1,,,322889
31,mulberry32,2,,,322851
31,mulberry32,3,,,323333
31,mulberry32,4,,,322371
31,mulberry32,5,,,322891
31,mulberry32,6,,,322486
31,mulberry32,7,,,322457
31,mulberry32,8,,,322325
31,mulberry32,9,,,322161
31,mulberry32,10,,,321063
31,mulberry32,11,,,323168
31,mulberry32,12,,,322883
31,mulberry32,13,,,321282
31,mulberry32,14,,,322657
31,mulberry32,15,,,323242
31,mulberry32,16,,,322289
31,mulberry32,17,,,323704
31,mulberry32,18,,,322917
31,mulberry32,19,,,322445
31,mulberry32,20,,,323124
31,mulberry32,21,,,322609
31,mulberry32,22,,,321637
31,mulberry32,23,,,322755
31,mulberry32,24,,,323659
31,mulberry32,25,,,321492
31,mulberry32,26,,,322435
31,mulberry32,27,,,323192
31,mulberry32,28,,,322716
31,mulberry32,29,,,322065
31,mulberry32,30,,,322147
31,mulberry32,31,,,322755
32,nativeRandom,,312499,-0.0003,
32,nativeRandom,1,,,312910
32,nativeRandom,2,,,311883
32,nativeRandom,3,,,312370
32,nativeRandom,4,,,311616
32,nativeRandom,5,,,313526
32,nativeRandom,6,,,313061
32,nativeRandom,7,,,312789
32,nativeRandom,8,,,312349
32,nativeRandom,9,,,311557
32,nativeRandom,10,,,312439
32,nativeRandom,11,,,312271
32,nativeRandom,12,,,312563
32,nativeRandom,13,,,311781
32,nativeRandom,14,,,312306
32,nativeRandom,15,,,311835
32,nativeRandom,16,,,312799
32,nativeRandom,17,,,312797
32,nativeRandom,18,,,311963
32,nativeRandom,19,,,312911
32,nativeRandom,20,,,313100
32,nativeRandom,21,,,312386
32,nativeRandom,22,,,312905
32,nativeRandom,23,,,311796
32,nativeRandom,24,,,312777
32,nativeRandom,25,,,313131
32,nativeRandom,26,,,312411
32,nativeRandom,27,,,312762
32,nativeRandom,28,,,312897
32,nativeRandom,29,,,312595
32,nativeRandom,30,,,312024
32,nativeRandom,31,,,313272
32,nativeRandom,32,,,312218
32,lcg,,310532,-0.0125,
32,lcg,1,,,364048
32,lcg,2,,,323904
32,lcg,3,,,278984
32,lcg,4,,,307651
32,lcg,5,,,335361
32,lcg,6,,,297155
32,lcg,7,,,353526
32,lcg,8,,,321055
32,lcg,9,,,297141
32,lcg,10,,,302899
32,lcg,11,,,329642
32,lcg,12,,,305761
32,lcg,13,,,325814
32,lcg,14,,,298116
32,lcg,15,,,360206
32,lcg,16,,,321047
32,lcg,17,,,288555
32,lcg,18,,,294283
32,lcg,19,,,320095
32,lcg,20,,,279963
32,lcg,21,,,301910
32,lcg,22,,,327739
32,lcg,23,,,293316
32,lcg,24,,,297159
32,lcg,25,,,284739
32,lcg,26,,,327720
32,lcg,27,,,320086
32,lcg,28,,,312449
32,lcg,29,,,282819
32,lcg,30,,,318162
32,lcg,31,,,309572
32,lcg,32,,,319123
32,xorshift,,312681,0.0000,
32,xorshift,1,,,312920
32,xorshift,2,,,312607
32,xorshift,3,,,313149
32,xorshift,4,,,313276
32,xorshift,5,,,312088
32,xorshift,6,,,312740
32,xorshift,7,,,313522
32,xorshift,8,,,312805
32,xorshift,9,,,312180
32,xorshift,10,,,313159
32,xorshift,11,,,312466
32,xorshift,12,,,311302
32,xorshift,13,,,312486
32,xorshift,14,,,312027
32,xorshift,15,,,312311
32,xorshift,16,,,312637
32,xorshift,17,,,311508
32,xorshift,18,,,313459
32,xorshift,19,,,311674
32,xorshift,20,,,312093
32,xorshift,21,,,312091
32,xorshift,22,,,312382
32,xorshift,23,,,312491
32,xorshift,24,,,312668
32,xorshift,25,,,311634
32,xorshift,26,,,312549
32,xorshift,27,,,313500
32,xorshift,28,,,312427
32,xorshift,29,,,312398
32,xorshift,30,,,312767
32,xorshift,31,,,312342
32,xorshift,32,,,312342
32,mulberry32,,311889,0.0002,
32,mulberry32,1,,,313195
32,mulberry32,2,,,312394
32,mulberry32,3,,,313185
32,mulberry32,4,,,312000
32,mulberry32,5,,,313329
32,mulberry32,6,,,312438
32,mulberry32,7,,,312379
32,mulberry32,8,,,312401
32,mulberry32,9,,,312718
32,mulberry32,10,,,311350
32,mulberry32,11,,,312290
32,mulberry32,12,,,311797
32,mulberry32,13,,,312213
32,mulberry32,14,,,311522
32,mulberry32,15,,,312539
32,mulberry32,16,,,312099
32,mulberry32,17,,,314044
32,mulberry32,18,,,312740
32,mulberry32,19,,,312078
32,mulberry32,20,,,313434
32,mulberry32,21,,,313155
32,mulberry32,22,,,312610
32,mulberry32,23,,,311407
32,mulberry32,24,,,313146
32,mulberry32,25,,,313362
32,mulberry32,26,,,311503
32,mulberry32,27,,,311995
32,mulberry32,28,,,312716
32,mulberry32,29,,,312703
32,mulberry32,30,,,312747
32,mulberry32,31,,,311832
32,mulberry32,32,,,312679
33,nativeRandom,,303370,-0.0000,
33,nativeRandom,1,,,302361
33,nativeRandom,2,,,303638
33,nativeRandom,3,,,302212
33,nativeRandom,4,,,302703
33,nativeRandom,5,,,302317
33,nativeRandom,6,,,302820
33,nativeRandom,7,,,302449
33,nativeRandom,8,,,303890
33,nativeRandom,9,,,304329
33,nativeRandom,10,,,303485
33,nativeRandom,11,,,303124
33,nativeRandom,12,,,303755
33,nativeRandom,13,,,303594
33,nativeRandom,14,,,302657
33,nativeRandom,15,,,304056
33,nativeRandom,16,,,302664
33,nativeRandom,17,,,302956
33,nativeRandom,18,,,303270
33,nativeRandom,19,,,302688
33,nativeRandom,20,,,303115
33,nativeRandom,21,,,302363
33,nativeRandom,22,,,302919
33,nativeRandom,23,,,302988
33,nativeRandom,24,,,302036
33,nativeRandom,25,,,302102
33,nativeRandom,26,,,302133
33,nativeRandom,27,,,303284
33,nativeRandom,28,,,302895
33,nativeRandom,29,,,303461
33,nativeRandom,30,,,303444
33,nativeRandom,31,,,303642
33,nativeRandom,32,,,303861
33,nativeRandom,33,,,302789
33,lcg,,295235,-0.0133,
33,lcg,1,,,354464
33,lcg,2,,,318185
33,lcg,3,,,262764
33,lcg,4,,,286650
33,lcg,5,,,339205
33,lcg,6,,,290466
33,lcg,7,,,341099
33,lcg,8,,,314326
33,lcg,9,,,280914
33,lcg,10,,,306715
33,lcg,11,,,306697
33,lcg,12,,,302874
33,lcg,13,,,296200
33,lcg,14,,,330591
33,lcg,15,,,301942
33,lcg,16,,,328683
33,lcg,17,,,302884
33,lcg,18,,,275184
33,lcg,19,,,301925
33,lcg,20,,,310527
33,lcg,21,,,279002
33,lcg,22,,,278046
33,lcg,23,,,312442
33,lcg,24,,,287604
33,lcg,25,,,285682
33,lcg,26,,,280902
33,lcg,27,,,310543
33,lcg,28,,,309571
33,lcg,29,,,304786
33,lcg,30,,,280911
33,lcg,31,,,307668
33,lcg,32,,,304788
33,lcg,33,,,305760
33,xorshift,,303116,0.0007,
33,xorshift,1,,,302544
33,xorshift,2,,,303922
33,xorshift,3,,,302751
33,xorshift,4,,,302979
33,xorshift,5,,,303609
33,xorshift,6,,,302584
33,xorshift,7,,,302968
33,xorshift,8,,,303904
33,xorshift,9,,,304306
33,xorshift,10,,,302344
33,xorshift,11,,,303353
33,xorshift,12,,,303146
33,xorshift,13,,,303049
33,xorshift,14,,,303807
33,xorshift,15,,,302995
33,xorshift,16,,,303958
33,xorshift,17,,,302288
33,xorshift,18,,,303395
33,xorshift,19,,,302930
33,xorshift,20,,,303170
33,xorshift,21,,,302331
33,xorshift,22,,,302024
33,xorshift,23,,,301657
33,xorshift,24,,,303459
33,xorshift,25,,,302739
33,xorshift,26,,,302519
33,xorshift,27,,,303307
33,xorshift,28,,,303687
33,xorshift,29,,,303641
33,xorshift,30,,,303043
33,xorshift,31,,,302151
33,xorshift,32,,,302369
33,xorshift,33,,,303071
33,mulberry32,,303227,0.0003,
33,mulberry32,1,,,303330
33,mulberry32,2,,,303225
33,mulberry32,3,,,303267
33,mulberry32,4,,,303496
33,mulberry32,5,,,302310
33,mulberry32,6,,,303380
33,mulberry32,7,,,303628
33,mulberry32,8,,,303050
33,mulberry32,9,,,303013
33,mulberry32,10,,,302766
33,mulberry32,11,,,302361
33,mulberry32,12,,,302813
33,mulberry32,13,,,303294
33,mulberry32,14,,,302313
33,mulberry32,15,,,302614
33,mulberry32,16,,,303635
33,mulberry32,17,,,303700
33,mulberry32,18,,,303871
33,mulberry32,19,,,303137
33,mulberry32,20,,,302429
33,mulberry32,21,,,303544
33,mulberry32,22,,,303511
33,mulberry32,23,,,303508
33,mulberry32,24,,,303113
33,mulberry32,25,,,303218
33,mulberry32,26,,,302000
33,mulberry32,27,,,302261
33,mulberry32,28,,,302847
33,mulberry32,29,,,302851
33,mulberry32,30,,,302602
33,mulberry32,31,,,303957
33,mulberry32,32,,,301882
33,mulberry32,33,,,303074
34,nativeRandom,,294338,-0.0000,
34,nativeRandom,1,,,293864
34,nativeRandom,2,,,293845
34,nativeRandom,3,,,294388
34,nativeRandom,4,,,295404
34,nativeRandom,5,,,294478
34,nativeRandom,6,,,294063
34,nativeRandom,7,,,295288
34,nativeRandom,8,,,294472
34,nativeRandom,9,,,294961
34,nativeRandom,10,,,294553
34,nativeRandom,11,,,293725
34,nativeRandom,12,,,293398
34,nativeRandom,13,,,293591
34,nativeRandom,14,,,294561
34,nativeRandom,15,,,293558
34,nativeRandom,16,,,294099
34,nativeRandom,17,,,294459
34,nativeRandom,18,,,293635
34,nativeRandom,19,,,294328
34,nativeRandom,20,,,294751
34,nativeRandom,21,,,294246
34,nativeRandom,22,,,293771
34,nativeRandom,23,,,294946
34,nativeRandom,24,,,293382
34,nativeRandom,25,,,294092
34,nativeRandom,26,,,294115
34,nativeRandom,27,,,293773
34,nativeRandom,28,,,293673
34,nativeRandom,29,,,294011
34,nativeRandom,30,,,294103
34,nativeRandom,31,,,293496
34,nativeRandom,32,,,293851
34,nativeRandom,33,,,294123
34,nativeRandom,34,,,292997
34,lcg,,300983,-0.0126,
34,lcg,1,,,345890
34,lcg,2,,,306700
34,lcg,3,,,267528
34,lcg,4,,,255103
34,lcg,5,,,334408
34,lcg,6,,,304788
34,lcg,7,,,301936
34,lcg,8,,,310543
34,lcg,9,,,287613
34,lcg,10,,,290452
34,lcg,11,,,282834
34,lcg,12,,,325815
34,lcg,13,,,275190
34,lcg,14,,,318161
34,lcg,15,,,277087
34,lcg,16,,,336321
34,lcg,17,,,301938
34,lcg,18,,,272317
34,lcg,19,,,278030
34,lcg,20,,,300024
34,lcg,21,,,277097
34,lcg,22,,,285674
34,lcg,23,,,269448
34,lcg,24,,,292365
34,lcg,25,,,294283
34,lcg,26,,,282829
34,lcg,27,,,275178
34,lcg,28,,,300969
34,lcg,29,,,296187
34,lcg,30,,,281873
34,lcg,31,,,274218
34,lcg,32,,,293333
34,lcg,33,,,307666
34,lcg,34,,,296202
34,xorshift,,294059,-0.0002,
34,xorshift,1,,,294028
34,xorshift,2,,,294513
34,xorshift,3,,,293865
34,xorshift,4,,,293551
34,xorshift,5,,,294259
34,xorshift,6,,,294151
34,xorshift,7,,,294150
34,xorshift,8,,,294680
34,xorshift,9,,,294366
34,xorshift,10,,,293485
34,xorshift,11,,,292995
34,xorshift,12,,,294448
34,xorshift,13,,,294895
34,xorshift,14,,,294560
34,xorshift,15,,,295073
34,xorshift,16,,,294414
34,xorshift,17,,,292940
34,xorshift,18,,,294493
34,xorshift,19,,,294396
34,xorshift,20,,,293266
34,xorshift,21,,,294880
34,xorshift,22,,,293561
34,xorshift,23,,,293908
34,xorshift,24,,,293905
34,xorshift,25,,,293841
34,xorshift,26,,,294559
34,xorshift,27,,,294387
34,xorshift,28,,,293603
34,xorshift,29,,,293801
34,xorshift,30,,,294942
34,xorshift,31,,,294068
34,xorshift,32,,,294147
34,xorshift,33,,,293613
34,xorshift,34,,,294257
34,mulberry32,,294484,-0.0001,
34,mulberry32,1,,,294123
34,mulberry32,2,,,294115
34,mulberry32,3,,,294104
34,mulberry32,4,,,294927
34,mulberry32,5,,,293569
34,mulberry32,6,,,294288
34,mulberry32,7,,,295209
34,mulberry32,8,,,294741
34,mulberry32,9,,,294324
34,mulberry32,10,,,294146
34,mulberry32,11,,,293878
34,mulberry32,12,,,292350
34,mulberry32,13,,,295432
34,mulberry32,14,,,294723
34,mulberry32,15,,,294394
34,mulberry32,16,,,293971
34,mulberry32,17,,,294592
34,mulberry32,18,,,294781
34,mulberry32,19,,,293416
34,mulberry32,20,,,292987
34,mulberry32,21,,,293996
34,mulberry32,22,,,294072
34,mulberry32,23,,,294946
34,mulberry32,24,,,294383
34,mulberry32,25,,,294124
34,mulberry32,26,,,293372
34,mulberry32,27,,,292990
34,mulberry32,28,,,294000
34,mulberry32,29,,,294448
34,mulberry32,30,,,294365
34,mulberry32,31,,,293268
34,mulberry32,32,,,295141
34,mulberry32,33,,,292937
34,mulberry32,34,,,293888
35,nativeRandom,,285875,-0.0005,
35,nativeRandom,1,,,284640
35,nativeRandom,2,,,285743
35,nativeRandom,3,,,285666
35,nativeRandom,4,,,286288
35,nativeRandom,5,,,284712
35,nativeRandom,6,,,285506
35,nativeRandom,7,,,287049
35,nativeRandom,8,,,286458
35,nativeRandom,9,,,285143
35,nativeRandom,10,,,286490
35,nativeRandom,11,,,286375
35,nativeRandom,12,,,285314
35,nativeRandom,13,,,284958
35,nativeRandom,14,,,286196
35,nativeRandom,15,,,285570
35,nativeRandom,16,,,286045
35,nativeRandom,17,,,285452
35,nativeRandom,18,,,285767
35,nativeRandom,19,,,285653
35,nativeRandom,20,,,284689
35,nativeRandom,21,,,286045
35,nativeRandom,22,,,286424
35,nativeRandom,23,,,286720
35,nativeRandom,24,,,285779
35,nativeRandom,25,,,285604
35,nativeRandom,26,,,285327
35,nativeRandom,27,,,285300
35,nativeRandom,28,,,285807
35,nativeRandom,29,,,286380
35,nativeRandom,30,,,285960
35,nativeRandom,31,,,285102
35,nativeRandom,32,,,286162
35,nativeRandom,33,,,285185
35,nativeRandom,34,,,285310
35,nativeRandom,35,,,285181
35,lcg,,276136,-0.0126,
35,lcg,1,,,331547
35,lcg,2,,,301934
35,lcg,3,,,261810
35,lcg,4,,,249376
35,lcg,5,,,315315
35,lcg,6,,,297149
35,lcg,7,,,281854
35,lcg,8,,,333461
35,lcg,9,,,272298
35,lcg,10,,,276136
35,lcg,11,,,278034
35,lcg,12,,,301936
35,lcg,13,,,271341
35,lcg,14,,,305754
35,lcg,15,,,275185
35,lcg,16,,,311494
35,lcg,17,,,303831
35,lcg,18,,,290455
35,lcg,19,,,254175
35,lcg,20,,,276131
35,lcg,21,,,306704
35,lcg,22,,,244592
35,lcg,23,,,275191
35,lcg,24,,,297151
35,lcg,25,,,264676
35,lcg,26,,,284741
35,lcg,27,,,257968
35,lcg,28,,,287594
35,lcg,29,,,295247
35,lcg,30,,,284739
35,lcg,31,,,268489
35,lcg,32,,,275181
35,lcg,33,,,286636
35,lcg,34,,,293322
35,lcg,35,,,288553
35,xorshift,,285950,-0.0003,
35,xorshift,1,,,286003
35,xorshift,2,,,286413
35,xorshift,3,,,286376
35,xorshift,4,,,286381
35,xorshift,5,,,286331
35,xorshift,6,,,285731
35,xorshift,7,,,285553
35,xorshift,8,,,285591
35,xorshift,9,,,285381
35,xorshift,10,,,285700
35,xorshift,11,,,285881
35,xorshift,12,,,285763
35,xorshift,13,,,286197
35,xorshift,14,,,284957
35,xorshift,15,,,285806
35,xorshift,16,,,285407
35,xorshift,17,,,284924
35,xorshift,18,,,285535
35,xorshift,19,,,285623
35,xorshift,20,,,285999
35,xorshift,21,,,285823
35,xorshift,22,,,285394
35,xorshift,23,,,285226
35,xorshift,24,,,285613
35,xorshift,25,,,285520
35,xorshift,26,,,285839
35,xorshift,27,,,285737
35,xorshift,28,,,286169
35,xorshift,29,,,285531
35,xorshift,30,,,286197
35,xorshift,31,,,285346
35,xorshift,32,,,285467
35,xorshift,33,,,285427
35,xorshift,34,,,285797
35,xorshift,35,,,285362
35,mulberry32,,285920,-0.0000,
35,mulberry32,1,,,285598
35,mulberry32,2,,,285176
35,mulberry32,3,,,285761
35,mulberry32,4,,,286524
35,mulberry32,5,,,285397
35,mulberry32,6,,,285792
35,mulberry32,7,,,287187
35,mulberry32,8,,,285385
35,mulberry32,9,,,286473
35,mulberry32,10,,,285883
35,mulberry32,11,,,285311
35,mulberry32,12,,,284714
35,mulberry32,13,,,285208
35,mulberry32,14,,,286472
35,mulberry32,15,,,286186
35,mulberry32,16,,,286012
35,mulberry32,17,,,285556
35,mulberry32,18,,,285738
35,mulberry32,19,,,285371
35,mulberry32,20,,,285988
35,mulberry32,21,,,284919
35,mulberry32,22,,,285814
35,mulberry32,23,,,285253
35,mulberry32,24,,,286716
35,mulberry32,25,,,285037
35,mulberry32,26,,,285678
35,mulberry32,27,,,285365
35,mulberry32,28,,,285021
35,mulberry32,29,,,285897
35,mulberry32,30,,,285659
35,mulberry32,31,,,286244
35,mulberry32,32,,,284992
35,mulberry32,33,,,287000
35,mulberry32,34,,,284391
35,mulberry32,35,,,286282
36,nativeRandom,,278424,0.0006,
36,nativeRandom,1,,,277073
36,nativeRandom,2,,,277830
36,nativeRandom,3,,,276977
36,nativeRandom,4,,,278034
36,nativeRandom,5,,,278118
36,nativeRandom,6,,,277830
36,nativeRandom,7,,,278620
36,nativeRandom,8,,,277320
36,nativeRandom,9,,,277361
36,nativeRandom,10,,,277141
36,nativeRandom,11,,,277595
36,nativeRandom,12,,,277796
36,nativeRandom,13,,,277646
36,nativeRandom,14,,,277041
36,nativeRandom,15,,,278244
36,nativeRandom,16,,,277448
36,nativeRandom,17,,,277788
36,nativeRandom,18,,,277622
36,nativeRandom,19,,,277630
36,nativeRandom,20,,,277589
36,nativeRandom,21,,,277011
36,nativeRandom,22,,,278882
36,nativeRandom,23,,,278216
36,nativeRandom,24,,,278270
36,nativeRandom,25,,,277492
36,nativeRandom,26,,,277514
36,nativeRandom,27,,,278111
36,nativeRandom,28,,,277795
36,nativeRandom,29,,,278135
36,nativeRandom,30,,,277862
36,nativeRandom,31,,,277446
36,nativeRandom,32,,,277819
36,nativeRandom,33,,,278208
36,nativeRandom,34,,,277273
36,nativeRandom,35,,,278957
36,nativeRandom,36,,,278306
36,lcg,,252243,-0.0126,
36,lcg,1,,,319132
36,lcg,2,,,300016
36,lcg,3,,,257976
36,lcg,4,,,238867
36,lcg,5,,,300977
36,lcg,6,,,299062
36,lcg,7,,,266591
36,lcg,8,,,315304
36,lcg,9,,,283778
36,lcg,10,,,255113
36,lcg,11,,,277080
36,lcg,12,,,287603
36,lcg,13,,,285687
36,lcg,14,,,260850
36,lcg,15,,,300965
36,lcg,16,,,266576
36,lcg,17,,,321042
36,lcg,18,,,285694
36,lcg,19,,,249379
36,lcg,20,,,264654
36,lcg,21,,,281868
36,lcg,22,,,279002
36,lcg,23,,,261793
36,lcg,24,,,250342
36,lcg,25,,,287591
36,lcg,26,,,260840
36,lcg,27,,,267534
36,lcg,28,,,252250
36,lcg,29,,,274226
36,lcg,30,,,297146
36,lcg,31,,,272302
36,lcg,32,,,259886
36,lcg,33,,,279004
36,lcg,34,,,275183
36,lcg,35,,,282821
36,lcg,36,,,281866
36,xorshift,,277295,-0.0002,
36,xorshift,1,,,278511
36,xorshift,2,,,277720
36,xorshift,3,,,278047
36,xorshift,4,,,276628
36,xorshift,5,,,278251
36,xorshift,6,,,278393
36,xorshift,7,,,277600
36,xorshift,8,,,277591
36,xorshift,9,,,277696
36,xorshift,10,,,278113
36,xorshift,11,,,277227
36,xorshift,12,,,278222
36,xorshift,13,,,277045
36,xorshift,14,,,277392
36,xorshift,15,,,277078
36,xorshift,16,,,278006
36,xorshift,17,,,278510
36,xorshift,18,,,278550
36,xorshift,19,,,277738
36,xorshift,20,,,277507
36,xorshift,21,,,278352
36,xorshift,22,,,276997
36,xorshift,23,,,277810
36,xorshift,24,,,277723
36,xorshift,25,,,277793
36,xorshift,26,,,278330
36,xorshift,27,,,277998
36,xorshift,28,,,277453
36,xorshift,29,,,277882
36,xorshift,30,,,277873
36,xorshift,31,,,278036
36,xorshift,32,,,277106
36,xorshift,33,,,277723
36,xorshift,34,,,278013
36,xorshift,35,,,277058
36,xorshift,36,,,278028
36,mulberry32,,278392,-0.0002,
36,mulberry32,1,,,277498
36,mulberry32,2,,,277843
36,mulberry32,3,,,277763
36,mulberry32,4,,,278854
36,mulberry32,5,,,277545
36,mulberry32,6,,,277686
36,mulberry32,7,,,279360
36,mulberry32,8,,,278111
36,mulberry32,9,,,278134
36,mulberry32,10,,,278321
36,mulberry32,11,,,277617
36,mulberry32,12,,,276750
36,mulberry32,13,,,276667
36,mulberry32,14,,,279117
36,mulberry32,15,,,277986
36,mulberry32,16,,,277814
36,mulberry32,17,,,278052
36,mulberry32,18,,,278000
36,mulberry32,19,,,278236
36,mulberry32,20,,,277349
36,mulberry32,21,,,277159
36,mulberry32,22,,,277543
36,mulberry32,23,,,278183
36,mulberry32,24,,,277099
36,mulberry32,25,,,278938
36,mulberry32,26,,,277121
36,mulberry32,27,,,277386
36,mulberry32,28,,,276983
36,mulberry32,29,,,277555
36,mulberry32,30,,,277327
36,mulberry32,31,,,277685
36,mulberry32,32,,,277810
36,mulberry32,33,,,276849
36,mulberry32,34,,,279064
36,mulberry32,35,,,276651
36,mulberry32,36,,,277944
37,nativeRandom,,270455,-0.0001,
37,nativeRandom,1,,,270949
37,nativeRandom,2,,,270395
37,nativeRandom,3,,,270793
37,nativeRandom,4,,,271007
37,nativeRandom,5,,,270032
37,nativeRandom,6,,,270925
37,nativeRandom,7,,,271285
37,nativeRandom,8,,,271229
37,nativeRandom,9,,,270280
37,nativeRandom,10,,,269775
37,nativeRandom,11,,,270451
37,nativeRandom,12,,,269683
37,nativeRandom,13,,,270493
37,nativeRandom,14,,,270911
37,nativeRandom,15,,,270313
37,nativeRandom,16,,,270441
37,nativeRandom,17,,,269888
37,nativeRandom,18,,,269635
37,nativeRandom,19,,,269241
37,nativeRandom,20,,,269900
37,nativeRandom,21,,,269936
37,nativeRandom,22,,,270073
37,nativeRandom,23,,,269462
37,nativeRandom,24,,,269984
37,nativeRandom,25,,,271170
37,nativeRandom,26,,,270076
37,nativeRandom,27,,,270758
37,nativeRandom,28,,,269626
37,nativeRandom,29,,,270214
37,nativeRandom,30,,,270996
37,nativeRandom,31,,,268879
37,nativeRandom,32,,,270152
37,nativeRandom,33,,,270048
37,nativeRandom,34,,,270526
37,nativeRandom,35,,,270238
37,nativeRandom,36,,,270741
37,nativeRandom,37,,,269495
37,lcg,,272319,-0.0130,
37,lcg,1,,,309573
37,lcg,2,,,295252
37,lcg,3,,,249382
37,lcg,4,,,236006
37,lcg,5,,,284721
37,lcg,6,,,297148
37,lcg,7,,,254152
37,lcg,8,,,306708
37,lcg,9,,,281858
37,lcg,10,,,241733
37,lcg,11,,,278053
37,lcg,12,,,262747
37,lcg,13,,,300024
37,lcg,14,,,254140
37,lcg,15,,,280919
37,lcg,16,,,259887
37,lcg,17,,,302895
37,lcg,18,,,283768
37,lcg,19,,,273260
37,lcg,20,,,242704
37,lcg,21,,,265619
37,lcg,22,,,274224
37,lcg,23,,,246507
37,lcg,24,,,265632
37,lcg,25,,,250327
37,lcg,26,,,277098
37,lcg,27,,,259887
37,lcg,28,,,258940
37,lcg,29,,,243627
37,lcg,30,,,281875
37,lcg,31,,,281875
37,lcg,32,,,257984
37,lcg,33,,,252246
37,lcg,34,,,269443
37,lcg,35,,,269442
37,lcg,36,,,270394
37,lcg,37,,,279950
37,xorshift,,271064,0.0003,
37,xorshift,1,,,270151
37,xorshift,2,,,270545
37,xorshift,3,,,269712
37,xorshift,4,,,270084
37,xorshift,5,,,270667
37,xorshift,6,,,269911
37,xorshift,7,,,269859
37,xorshift,8,,,270122
37,xorshift,9,,,270598
37,xorshift,10,,,270294
37,xorshift,11,,,269315
37,xorshift,12,,,270043
37,xorshift,13,,,270662
37,xorshift,14,,,270590
37,xorshift,15,,,269385
37,xorshift,16,,,270248
37,xorshift,17,,,270826
37,xorshift,18,,,270533
37,xorshift,19,,,270244
37,xorshift,20,,,270158
37,xorshift,21,,,270474
37,xorshift,22,,,270786
37,xorshift,23,,,269649
37,xorshift,24,,,270587
37,xorshift,25,,,270360
37,xorshift,26,,,270964
37,xorshift,27,,,269522
37,xorshift,28,,,270478
37,xorshift,29,,,270578
37,xorshift,30,,,271333
37,xorshift,31,,,271100
37,xorshift,32,,,270143
37,xorshift,33,,,269624
37,xorshift,34,,,270909
37,xorshift,35,,,270157
37,xorshift,36,,,269298
37,xorshift,37,,,270091
37,mulberry32,,270579,-0.0001,
37,mulberry32,1,,,270005
37,mulberry32,2,,,270159
37,mulberry32,3,,,270267
37,mulberry32,4,,,271009
37,mulberry32,5,,,270380
37,mulberry32,6,,,269764
37,mulberry32,7,,,271305
37,mulberry32,8,,,270944
37,mulberry32,9,,,269641
37,mulberry32,10,,,270899
37,mulberry32,11,,,270208
37,mulberry32,12,,,269875
37,mulberry32,13,,,268763
37,mulberry32,14,,,270635
37,mulberry32,15,,,271458
37,mulberry32,16,,,270155
37,mulberry32,17,,,270303
37,mulberry32,18,,,270099
37,mulberry32,19,,,271189
37,mulberry32,20,,,270211
37,mulberry32,21,,,270382
37,mulberry32,22,,,269487
37,mulberry32,23,,,270101
37,mulberry32,24,,,270207
37,mulberry32,25,,,270641
37,mulberry32,26,,,270988
37,mulberry32,27,,,270317
37,mulberry32,28,,,270456
37,mulberry32,29,,,268851
37,mulberry32,30,,,270547
37,mulberry32,31,,,270243
37,mulberry32,32,,,269618
37,mulberry32,33,,,270451
37,mulberry32,34,,,269761
37,mulberry32,35,,,271298
37,mulberry32,36,,,269004
37,mulberry32,37,,,270379
38,nativeRandom,,263611,0.0005,
38,nativeRandom,1,,,262352
38,nativeRandom,2,,,262436
38,nativeRandom,3,,,263731
38,nativeRandom,4,,,263265
38,nativeRandom,5,,,263571
38,nativeRandom,6,,,263776
38,nativeRandom,7,,,263196
38,nativeRandom,8,,,263087
38,nativeRandom,9,,,263382
38,nativeRandom,10,,,262477
38,nativeRandom,11,,,263132
38,nativeRandom,12,,,263891
38,nativeRandom,13,,,263796
38,nativeRandom,14,,,263275
38,nativeRandom,15,,,263925
38,nativeRandom,16,,,263119
38,nativeRandom,17,,,263786
38,nativeRandom,18,,,263023
38,nativeRandom,19,,,262195
38,nativeRandom,20,,,262435
38,nativeRandom,21,,,262913
38,nativeRandom,22,,,262997
38,nativeRandom,23,,,263039
38,nativeRandom,24,,,262664
38,nativeRandom,25,,,263012
38,nativeRandom,26,,,263949
38,nativeRandom,27,,,263216
38,nativeRandom,28,,,263818
38,nativeRandom,29,,,263575
38,nativeRandom,30,,,263110
38,nativeRandom,31,,,263068
38,nativeRandom,32,,,263288
38,nativeRandom,33,,,262700
38,nativeRandom,34,,,262679
38,nativeRandom,35,,,263257
38,nativeRandom,36,,,263200
38,nativeRandom,37,,,262627
38,nativeRandom,38,,,263038
38,lcg,,249381,-0.0122,
38,lcg,1,,,304794
38,lcg,2,,,285676
38,lcg,3,,,246512
38,lcg,4,,,232180
38,lcg,5,,,274233
38,lcg,6,,,286644
38,lcg,7,,,245568
38,lcg,8,,,293324
38,lcg,9,,,276135
38,lcg,10,,,256072
38,lcg,11,,,257979
38,lcg,12,,,256068
38,lcg,13,,,279948
38,lcg,14,,,249387
38,lcg,15,,,267527
38,lcg,16,,,278033
38,lcg,17,,,266575
38,lcg,18,,,294291
38,lcg,19,,,271355
38,lcg,20,,,235048
38,lcg,21,,,252237
38,lcg,22,,,252251
38,lcg,23,,,284731
38,lcg,24,,,221666
38,lcg,25,,,255118
38,lcg,26,,,277075
38,lcg,27,,,245560
38,lcg,28,,,264664
38,lcg,29,,,252249
38,lcg,30,,,236972
38,lcg,31,,,263701
38,lcg,32,,,280899
38,lcg,33,,,261801
38,lcg,34,,,236004
38,lcg,35,,,259889
38,lcg,36,,,263718
38,lcg,37,,,262755
38,lcg,38,,,271361
38,xorshift,,263038,0.0003,
38,xorshift,1,,,263916
38,xorshift,2,,,264199
38,xorshift,3,,,262137
38,xorshift,4,,,263133
38,xorshift,5,,,262610
38,xorshift,6,,,263690
38,xorshift,7,,,262664
38,xorshift,8,,,262522
38,xorshift,9,,,263087
38,xorshift,10,,,263276
38,xorshift,11,,,263946
38,xorshift,12,,,263640
38,xorshift,13,,,262700
38,xorshift,14,,,263150
38,xorshift,15,,,262815
38,xorshift,16,,,262634
38,xorshift,17,,,263397
38,xorshift,18,,,263321
38,xorshift,19,,,261921
38,xorshift,20,,,263342
38,xorshift,21,,,262865
38,xorshift,22,,,261867
38,xorshift,23,,,263364
38,xorshift,24,,,264088
38,xorshift,25,,,263674
38,xorshift,26,,,261922
38,xorshift,27,,,263175
38,xorshift,28,,,263247
38,xorshift,29,,,263095
38,xorshift,30,,,264264
38,xorshift,31,,,263747
38,xorshift,32,,,262861
38,xorshift,33,,,262664
38,xorshift,34,,,263289
38,xorshift,35,,,263225
38,xorshift,36,,,263733
38,xorshift,37,,,263224
38,xorshift,38,,,263596
38,mulberry32,,263567,-0.0002,
38,mulberry32,1,,,263510
38,mulberry32,2,,,262881
38,mulberry32,3,,,263761
38,mulberry32,4,,,263220
38,mulberry32,5,,,263777
38,mulberry32,6,,,261936
38,mulberry32,7,,,264166
38,mulberry32,8,,,264124
38,mulberry32,9,,,263399
38,mulberry32,10,,,263697
38,mulberry32,11,,,263111
38,mulberry32,12,,,263110
38,mulberry32,13,,,262035
38,mulberry32,14,,,262641
38,mulberry32,15,,,263968
38,mulberry32,16,,,262827
38,mulberry32,17,,,263060
38,mulberry32,18,,,263389
38,mulberry32,19,,,263122
38,mulberry32,20,,,263495
38,mulberry32,21,,,262631
38,mulberry32,22,,,263127
38,mulberry32,23,,,262513
38,mulberry32,24,,,263852
38,mulberry32,25,,,263199
38,mulberry32,26,,,263882
38,mulberry32,27,,,262743
38,mulberry32,28,,,263556
38,mulberry32,29,,,262514
38,mulberry32,30,,,262245
38,mulberry32,31,,,263110
38,mulberry32,32,,,263614
38,mulberry32,33,,,263001
38,mulberry32,34,,,263262
38,mulberry32,35,,,262318
38,mulberry32,36,,,264242
38,mulberry32,37,,,261717
38,mulberry32,38,,,263245
